"v2015-02-05","v2015-10-02","v2009-05-20","v2009-09-20","v2010-03-16","v2016-04-01","v2010-10-11","v2011-07-22","v2012-06-01","v2013-0-03","v2014-05-02","property"
0,0,0,12,0,0,0,0,0,0,0," http://dbpedia.org/ontology/Artist/genre"
0,0,0,3,0,0,0,0,0,0,0," http://dbpedia.org/ontology/Artist/instrument"
0,0,0,14,0,0,0,0,0,0,0," http://dbpedia.org/ontology/Artist/label"
3,1,0,0,1,0,0,0,0,0,0," http://dbpedia.org/ontology/Astronaut/timeInSpace"
0,0,0,24799,0,0,0,0,0,0,0," http://dbpedia.org/ontology/Athlete/currentNumber"
0,0,0,82087,0,0,0,0,0,0,0," http://dbpedia.org/ontology/Athlete/currentPosition"
0,0,0,56280,0,0,0,0,0,0,0," http://dbpedia.org/ontology/Athlete/currentTeam"
0,0,0,40887,0,0,0,0,0,0,0," http://dbpedia.org/ontology/Athlete/formerTeam"
0,2,0,0,2,0,0,0,0,0,0," http://dbpedia.org/ontology/Automobile/wheelbase"
0,0,0,1,0,0,0,0,0,0,0," http://dbpedia.org/ontology/Award/country"
0,0,0,24,0,0,0,0,0,0,0," http://dbpedia.org/ontology/BadmintonPlayer/coach"
0,0,0,9933,0,0,0,0,0,0,0," http://dbpedia.org/ontology/BaseballPlayer/statisticLabel"
0,0,0,10076,0,0,0,0,0,0,0," http://dbpedia.org/ontology/BaseballPlayer/statisticValue"
0,0,0,1935,0,0,0,0,0,0,0," http://dbpedia.org/ontology/BaseballPlayer/statisticYear"
0,0,0,1227,0,0,0,0,0,0,0," http://dbpedia.org/ontology/BasketballPlayer/college"
0,0,0,1155,0,0,0,0,0,0,0," http://dbpedia.org/ontology/BasketballPlayer/draft"
0,0,0,907,0,0,0,0,0,0,0," http://dbpedia.org/ontology/BasketballPlayer/draftTeam"
0,0,0,1076,0,0,0,0,0,0,0," http://dbpedia.org/ontology/BasketballPlayer/draftYear"
0,0,0,740,0,0,0,0,0,0,0," http://dbpedia.org/ontology/BasketballPlayer/highschool"
0,0,0,608,0,0,0,0,0,0,0," http://dbpedia.org/ontology/BasketballPlayer/league"
0,0,0,497,0,0,0,0,0,0,0," http://dbpedia.org/ontology/BasketballPlayer/number"
0,0,0,1,0,0,0,0,0,0,0," http://dbpedia.org/ontology/Book/country"
0,0,0,1,0,0,0,0,0,0,0," http://dbpedia.org/ontology/Book/isbn"
0,0,0,2,0,0,0,0,0,0,0," http://dbpedia.org/ontology/Book/mediaType"
0,0,0,1,0,0,0,0,0,0,0," http://dbpedia.org/ontology/Book/pages"
0,0,0,0,1,0,0,0,0,0,0," http://dbpedia.org/ontology/Building/floorArea"
0,0,0,64,0,0,0,0,0,0,0," http://dbpedia.org/ontology/CollegeCoach/coachedTeam"
0,0,0,13,0,0,0,0,0,0,0," http://dbpedia.org/ontology/CollegeCoach/college"
0,0,0,3,0,0,0,0,0,0,0," http://dbpedia.org/ontology/CollegeCoach/currentRecord"
0,0,0,14,0,0,0,0,0,0,0," http://dbpedia.org/ontology/CollegeCoach/overallRecord"
0,0,0,11,0,0,0,0,0,0,0," http://dbpedia.org/ontology/CollegeCoach/titel"
0,0,0,1,0,0,0,0,0,0,0," http://dbpedia.org/ontology/Cricketer/country"
0,0,0,1671,0,0,0,0,0,0,0," http://dbpedia.org/ontology/Cricketer/debutDate"
0,0,0,1964,0,0,0,0,0,0,0," http://dbpedia.org/ontology/Cricketer/debutYear"
0,0,0,1863,0,0,0,0,0,0,0," http://dbpedia.org/ontology/Cricketer/fc"
0,0,0,1864,0,0,0,0,0,0,0," http://dbpedia.org/ontology/Cricketer/fcRuns"
0,0,0,1677,0,0,0,0,0,0,0," http://dbpedia.org/ontology/Cricketer/lastDate"
0,0,0,1963,0,0,0,0,0,0,0," http://dbpedia.org/ontology/Cricketer/lastYear"
0,0,0,973,0,0,0,0,0,0,0," http://dbpedia.org/ontology/FigureSkater/choreographer"
0,0,0,1250,0,0,0,0,0,0,0," http://dbpedia.org/ontology/FigureSkater/coach"
0,0,0,12,0,0,0,0,0,0,0," http://dbpedia.org/ontology/FigureSkater/country"
0,0,0,440,0,0,0,0,0,0,0," http://dbpedia.org/ontology/FigureSkater/currentPartner"
0,0,0,284,0,0,0,0,0,0,0," http://dbpedia.org/ontology/FigureSkater/formerChoreographer"
0,0,0,1414,0,0,0,0,0,0,0," http://dbpedia.org/ontology/FigureSkater/formerCoach"
0,0,0,828,0,0,0,0,0,0,0," http://dbpedia.org/ontology/FigureSkater/formerPartner"
0,0,0,225,0,0,0,0,0,0,0," http://dbpedia.org/ontology/FootballPlayer/coachingTeam"
0,0,0,14617,0,0,0,0,0,0,0," http://dbpedia.org/ontology/FootballPlayer/college"
0,0,0,2178,0,0,0,0,0,0,0," http://dbpedia.org/ontology/FootballPlayer/debutTeam"
0,0,0,6432,0,0,0,0,0,0,0," http://dbpedia.org/ontology/FootballPlayer/debutYear"
0,0,0,5108,0,0,0,0,0,0,0," http://dbpedia.org/ontology/FootballPlayer/draftPick"
0,0,0,5099,0,0,0,0,0,0,0," http://dbpedia.org/ontology/FootballPlayer/draftRound"
0,0,0,5097,0,0,0,0,0,0,0," http://dbpedia.org/ontology/FootballPlayer/draftYear"
0,0,0,7,0,0,0,0,0,0,0," http://dbpedia.org/ontology/FootballPlayer/espnid"
0,0,0,3637,0,0,0,0,0,0,0," http://dbpedia.org/ontology/FootballPlayer/finalYear"
0,0,0,164,0,0,0,0,0,0,0," http://dbpedia.org/ontology/FootballPlayer/highschool"
0,0,0,9514,0,0,0,0,0,0,0," http://dbpedia.org/ontology/FootballPlayer/pastTeam"
0,0,0,2665,0,0,0,0,0,0,0," http://dbpedia.org/ontology/FootballPlayer/status"
0,0,0,23,0,0,0,0,0,0,0," http://dbpedia.org/ontology/FootballPlayer/supplementalDraftRound"
0,0,0,23,0,0,0,0,0,0,0," http://dbpedia.org/ontology/FootballPlayer/supplementalDraftYear"
0,0,0,28007,0,0,0,0,0,0,0," http://dbpedia.org/ontology/FootballPlayer/team"
0,0,0,1803,0,0,0,0,0,0,0," http://dbpedia.org/ontology/FootballPlayer/undraftedYear"
0,0,0,587,0,0,0,0,0,0,0," http://dbpedia.org/ontology/FormulaOneRacer/championships"
0,0,0,587,0,0,0,0,0,0,0," http://dbpedia.org/ontology/FormulaOneRacer/fastestLap"
0,0,0,592,0,0,0,0,0,0,0," http://dbpedia.org/ontology/FormulaOneRacer/firstRace"
0,0,0,37,0,0,0,0,0,0,0," http://dbpedia.org/ontology/FormulaOneRacer/firstWin"
0,0,0,2,0,0,0,0,0,0,0," http://dbpedia.org/ontology/FormulaOneRacer/lastPosition"
0,0,0,592,0,0,0,0,0,0,0," http://dbpedia.org/ontology/FormulaOneRacer/lastRace"
0,0,0,3,0,0,0,0,0,0,0," http://dbpedia.org/ontology/FormulaOneRacer/lastSeason"
0,0,0,32,0,0,0,0,0,0,0," http://dbpedia.org/ontology/FormulaOneRacer/lastWin"
0,0,0,589,0,0,0,0,0,0,0," http://dbpedia.org/ontology/FormulaOneRacer/podiums"
0,0,0,587,0,0,0,0,0,0,0," http://dbpedia.org/ontology/FormulaOneRacer/poles"
0,0,0,592,0,0,0,0,0,0,0," http://dbpedia.org/ontology/FormulaOneRacer/races"
0,0,0,589,0,0,0,0,0,0,0," http://dbpedia.org/ontology/FormulaOneRacer/wins"
0,0,0,3783,0,0,0,0,0,0,0," http://dbpedia.org/ontology/IceHockeyPlayer/draft"
0,0,0,3411,0,0,0,0,0,0,0," http://dbpedia.org/ontology/IceHockeyPlayer/draftTeam"
0,0,0,3471,0,0,0,0,0,0,0," http://dbpedia.org/ontology/IceHockeyPlayer/draftYear"
0,0,0,217,0,0,0,0,0,0,0," http://dbpedia.org/ontology/IceHockeyPlayer/hallOfFame"
0,0,0,3262,0,0,0,0,0,0,0," http://dbpedia.org/ontology/IceHockeyPlayer/league"
0,0,0,436,0,0,0,0,0,0,0," http://dbpedia.org/ontology/IceHockeyPlayer/prospectLeague"
0,0,0,428,0,0,0,0,0,0,0," http://dbpedia.org/ontology/IceHockeyPlayer/prospectTeam"
0,0,0,4956,0,0,0,0,0,0,0," http://dbpedia.org/ontology/IceHockeyPlayer/shoots"
0,0,0,130,0,0,0,0,0,0,0," http://dbpedia.org/ontology/IceHockeyPlayer/whaDraft"
0,0,0,128,0,0,0,0,0,0,0," http://dbpedia.org/ontology/IceHockeyPlayer/whaDraftTeam"
0,0,0,128,0,0,0,0,0,0,0," http://dbpedia.org/ontology/IceHockeyPlayer/whaDraftYear"
0,2,0,0,3,0,0,0,0,0,0," http://dbpedia.org/ontology/MeanOfTransportation/height"
0,4,0,0,5,0,0,0,0,0,0," http://dbpedia.org/ontology/MeanOfTransportation/length"
0,1,0,0,2,0,0,0,0,0,0," http://dbpedia.org/ontology/MeanOfTransportation/weight"
0,2,0,0,3,0,0,0,0,0,0," http://dbpedia.org/ontology/MeanOfTransportation/width"
0,0,0,12,0,0,0,0,0,0,0," http://dbpedia.org/ontology/MilitaryPerson/allegiance"
0,0,0,29,0,0,0,0,0,0,0," http://dbpedia.org/ontology/MilitaryPerson/battles"
0,0,0,13,0,0,0,0,0,0,0," http://dbpedia.org/ontology/MilitaryPerson/branch"
0,0,0,13,0,0,0,0,0,0,0," http://dbpedia.org/ontology/MilitaryPerson/commands"
0,0,0,12,0,0,0,0,0,0,0," http://dbpedia.org/ontology/MilitaryPerson/militaryRank"
0,0,0,5,0,0,0,0,0,0,0," http://dbpedia.org/ontology/MilitaryPerson/notesOnPlaceOfBurial"
0,0,0,13,0,0,0,0,0,0,0," http://dbpedia.org/ontology/MilitaryPerson/serviceYears"
0,0,0,8,0,0,0,0,0,0,0," http://dbpedia.org/ontology/MilitaryPerson/unit"
0,0,0,20,0,0,0,0,0,0,0," http://dbpedia.org/ontology/MusicalArtist/associatedBand"
0,0,0,20,0,0,0,0,0,0,0," http://dbpedia.org/ontology/MusicalArtist/associatedMusicalArtist"
0,0,0,9,0,0,0,0,0,0,0," http://dbpedia.org/ontology/MusicalArtist/background"
0,0,0,401,0,0,0,0,0,0,0," http://dbpedia.org/ontology/NationalCollegiateAthleticAssociationAthlete/college"
0,0,0,33,0,0,0,0,0,0,0," http://dbpedia.org/ontology/NationalCollegiateAthleticAssociationAthlete/formerHighschool"
0,0,0,492,0,0,0,0,0,0,0," http://dbpedia.org/ontology/NationalCollegiateAthleticAssociationAthlete/highschool"
0,0,0,391,0,0,0,0,0,0,0," http://dbpedia.org/ontology/NationalCollegiateAthleticAssociationAthlete/sport"
0,0,0,23100,0,0,0,0,0,0,0," http://dbpedia.org/ontology/Person/activeYearsEndDate"
0,0,0,18399,0,0,0,0,0,0,0," http://dbpedia.org/ontology/Person/activeYearsStartDate"
0,0,0,19,0,0,0,0,0,0,0," http://dbpedia.org/ontology/Person/almaMater"
0,0,0,2218,0,0,0,0,0,0,0," http://dbpedia.org/ontology/Person/award"
0,0,0,81947,0,0,0,0,0,0,0," http://dbpedia.org/ontology/Person/birthDate"
0,0,0,1629,0,0,0,0,0,0,0," http://dbpedia.org/ontology/Person/birthName"
0,0,0,103387,0,0,0,0,0,0,0," http://dbpedia.org/ontology/Person/birthPlace"
0,0,0,10,0,0,0,0,0,0,0," http://dbpedia.org/ontology/Person/child"
0,0,0,21,0,0,0,0,0,0,0," http://dbpedia.org/ontology/Person/deathCause"
0,0,0,10322,0,0,0,0,0,0,0," http://dbpedia.org/ontology/Person/deathDate"
0,0,0,6174,0,0,0,0,0,0,0," http://dbpedia.org/ontology/Person/deathPlace"
0,0,0,6,0,0,0,0,0,0,0," http://dbpedia.org/ontology/Person/education"
0,0,0,7,0,0,0,0,0,0,0," http://dbpedia.org/ontology/Person/employer"
0,0,0,3,0,0,0,0,0,0,0," http://dbpedia.org/ontology/Person/ethnicity"
83813,125941,0,44110,134214,0,8986,15687,20778,42551,106193," http://dbpedia.org/ontology/Person/height"
0,0,0,16,0,0,0,0,0,0,0," http://dbpedia.org/ontology/Person/homeTown"
0,0,0,2,0,0,0,0,0,0,0," http://dbpedia.org/ontology/Person/knownFor"
0,0,0,2471,0,0,0,0,0,0,0," http://dbpedia.org/ontology/Person/nationality"
0,0,0,108,0,0,0,0,0,0,0," http://dbpedia.org/ontology/Person/occupation"
0,0,0,11476,0,0,0,0,0,0,0," http://dbpedia.org/ontology/Person/otherName"
0,0,0,21,0,0,0,0,0,0,0," http://dbpedia.org/ontology/Person/party"
0,0,0,1,0,0,0,0,0,0,0," http://dbpedia.org/ontology/Person/predecessor"
0,0,0,282,0,0,0,0,0,0,0," http://dbpedia.org/ontology/Person/relative"
0,0,0,8,0,0,0,0,0,0,0," http://dbpedia.org/ontology/Person/religion"
0,0,0,1665,0,0,0,0,0,0,0," http://dbpedia.org/ontology/Person/residence"
0,0,0,13,0,0,0,0,0,0,0," http://dbpedia.org/ontology/Person/spouse"
0,0,0,1,0,0,0,0,0,0,0," http://dbpedia.org/ontology/Person/successor"
0,0,0,1,0,0,0,0,0,0,0," http://dbpedia.org/ontology/Person/title"
32751,65175,0,18315,63960,0,23245,29133,32336,48245,56565," http://dbpedia.org/ontology/Person/weight"
0,0,0,12,0,0,0,0,0,0,0," http://dbpedia.org/ontology/PokerPlayer/hometown"
0,0,0,680,0,0,0,0,0,0,0," http://dbpedia.org/ontology/RugbyPlayer/school"
0,0,0,382,0,0,0,0,0,0,0," http://dbpedia.org/ontology/RugbyPlayer/university"
0,0,0,121221,0,0,0,0,0,0,0," http://dbpedia.org/ontology/SoccerPlayer/club"
0,0,0,7014,0,0,0,0,0,0,0," http://dbpedia.org/ontology/SoccerPlayer/managerClub"
0,0,0,2291,0,0,0,0,0,0,0," http://dbpedia.org/ontology/SoccerPlayer/managerYears"
0,0,0,14588,0,0,0,0,0,0,0," http://dbpedia.org/ontology/SoccerPlayer/nationalTeam"
0,0,0,11355,0,0,0,0,0,0,0," http://dbpedia.org/ontology/SoccerPlayer/nationalYears"
0,0,0,27575,0,0,0,0,0,0,0," http://dbpedia.org/ontology/SoccerPlayer/years"
0,0,0,12152,0,0,0,0,0,0,0," http://dbpedia.org/ontology/SoccerPlayer/youthClub"
0,0,0,6541,0,0,0,0,0,0,0," http://dbpedia.org/ontology/SoccerPlayer/youthYears"
13,13,0,0,12,0,0,0,0,0,0," http://dbpedia.org/ontology/Software/fileSize"
0,0,0,1,0,0,0,0,0,0,0," http://dbpedia.org/ontology/TelevisionShow/network"
0,0,0,934,0,0,0,0,0,0,0," http://dbpedia.org/ontology/TennisPlayer/careerPrizeMoney"
0,0,0,100,0,0,0,0,0,0,0," http://dbpedia.org/ontology/TennisPlayer/country"
0,0,0,964,0,0,0,0,0,0,0," http://dbpedia.org/ontology/TennisPlayer/plays"
0,0,0,0,2,0,0,0,0,0,0," http://dbpedia.org/ontology/Weapon/height"
0,0,0,0,2,0,0,0,0,0,0," http://dbpedia.org/ontology/Weapon/length"
0,1,0,0,1,0,0,0,0,0,0," http://dbpedia.org/ontology/Weapon/weight"
0,0,0,0,2,0,0,0,0,0,0," http://dbpedia.org/ontology/Weapon/width"
0,0,0,1,0,0,0,0,0,0,0," http://dbpedia.org/ontology/Work/completionDate"
0,0,0,1,0,0,0,0,0,0,0," http://dbpedia.org/ontology/Work/genre"
0,0,0,1,0,0,0,0,0,0,0," http://dbpedia.org/ontology/Work/language"
0,0,0,1,0,0,0,0,0,0,0," http://dbpedia.org/ontology/Work/publisher"
0,0,0,1,0,0,0,0,0,0,0," http://dbpedia.org/ontology/Work/releaseDate"
0,27,0,0,53,0,0,0,0,0,0," http://dbpedia.org/ontology/Work/runtime"
0,0,0,946,0,0,0,0,0,0,0," http://dbpedia.org/ontology/Wrestler/billed"
0,0,0,1909,0,0,0,0,0,0,0," http://dbpedia.org/ontology/Wrestler/debut"
0,0,0,852,0,0,0,0,0,0,0," http://dbpedia.org/ontology/Wrestler/resides"
0,0,0,2026,0,0,0,0,0,0,0," http://dbpedia.org/ontology/Wrestler/trainer"
271338,349111,0,0,360280,106908,132711,150423,184405,238086,268116," http://dbpedia.org/ontology/abstract"
16308,144,14669,25375,164,8708,9974,12849,14505,15051,15651," http://dbpedia.org/ontology/activeYearsEndDate"
24002,24072,0,0,23328,56665,61362,9712,14142,16542,19121," http://dbpedia.org/ontology/activeYearsEndYear"
18524,140,17436,22623,164,10716,12084,14950,16679,17271,17700," http://dbpedia.org/ontology/activeYearsStartDate"
39234,38023,0,0,36600,75621,83098,19645,24251,29542,34377," http://dbpedia.org/ontology/activeYearsStartYear"
0,1,0,0,1,0,0,0,0,0,0," http://dbpedia.org/ontology/added"
0,2,0,0,2,0,0,0,0,0,0," http://dbpedia.org/ontology/affiliation"
0,2,0,0,1,0,0,0,0,0,0," http://dbpedia.org/ontology/album"
33182,33369,0,0,24692,1424,0,121,127,141,50310," http://dbpedia.org/ontology/alias"
43,53,8,12,60,0,0,0,0,0,0," http://dbpedia.org/ontology/allegiance"
400,519,14,19,607,0,0,0,0,7,14," http://dbpedia.org/ontology/almaMater"
4,5,0,0,6,0,0,0,0,0,0," http://dbpedia.org/ontology/appointer"
0,1,0,0,1,0,0,0,0,0,0," http://dbpedia.org/ontology/architect"
1,21,0,0,37,0,0,0,0,0,0," http://dbpedia.org/ontology/artist"
0,2,0,0,4,0,0,0,0,0,0," http://dbpedia.org/ontology/assembly"
1,1,0,0,2,0,0,0,0,0,0," http://dbpedia.org/ontology/assets"
3,4,0,0,4,0,0,0,0,0,0," http://dbpedia.org/ontology/associate"
1525,1477,20,20,1511,0,0,0,0,0,0," http://dbpedia.org/ontology/associatedBand"
1525,1477,20,20,1511,0,0,0,0,0,0," http://dbpedia.org/ontology/associatedMusicalArtist"
5,8,0,0,12,0,0,0,0,0,0," http://dbpedia.org/ontology/author"
5726,2499,1957,2218,2563,2073,3116,3669,3558,6679,5633," http://dbpedia.org/ontology/award"
0,1,0,0,0,0,0,0,0,0,0," http://dbpedia.org/ontology/bSide"
777,825,8,9,840,0,0,0,0,0,0," http://dbpedia.org/ontology/background"
4,3,0,0,4,0,0,0,0,0,0," http://dbpedia.org/ontology/bandMember"
0,1,0,0,1,0,0,0,0,0,0," http://dbpedia.org/ontology/basedOn"
0,0,8871,10426,0,0,0,0,0,0,0," http://dbpedia.org/ontology/bats"
19325,643,0,0,664,0,0,15499,17434,17985,37132," http://dbpedia.org/ontology/battingSide"
140,168,0,0,196,0,0,0,0,0,0," http://dbpedia.org/ontology/battle"
0,0,21,29,0,0,0,0,0,0,0," http://dbpedia.org/ontology/battles"
212,319,0,0,337,0,0,107,123,138,338," http://dbpedia.org/ontology/bestFinish"
2199,1997,0,946,2115,841,1346,1430,1151,1960,2142," http://dbpedia.org/ontology/billed"
0,1,0,0,3,0,0,0,0,0,0," http://dbpedia.org/ontology/binomialAuthority"
315392,338933,0,86408,342563,93902,117688,124640,161289,221104,263573," http://dbpedia.org/ontology/birthDate"
498,1595,0,1629,1567,0,2467,17,44,1006,1116," http://dbpedia.org/ontology/birthName"
482941,495617,0,103387,468390,120309,187016,230894,299634,359669,417400," http://dbpedia.org/ontology/birthPlace"
305194,307344,0,0,248945,0,0,0,0,62,253601," http://dbpedia.org/ontology/birthYear"
0,0,88288,0,0,0,0,0,0,0,0," http://dbpedia.org/ontology/birthdate"
0,0,1026,0,0,0,0,0,0,0,0," http://dbpedia.org/ontology/birthname"
0,0,122606,0,0,0,0,0,0,0,0," http://dbpedia.org/ontology/birthplace"
0,133,0,0,160,0,0,0,0,113,354," http://dbpedia.org/ontology/block"
7,1,0,0,0,0,0,0,0,0,0," http://dbpedia.org/ontology/bnfId"
14,11,0,0,12,0,0,0,0,1,1," http://dbpedia.org/ontology/board"
0,0,0,0,1,0,0,0,0,0,0," http://dbpedia.org/ontology/bodyDiscovered"
0,1,0,0,1,0,0,0,0,0,0," http://dbpedia.org/ontology/bodyStyle"
388,429,0,0,454,0,0,0,0,0,0," http://dbpedia.org/ontology/bowlRecord"
0,0,8,13,0,0,0,0,0,0,0," http://dbpedia.org/ontology/branch"
0,1,0,0,1,0,0,0,0,0,0," http://dbpedia.org/ontology/broadcastStationClass"
0,3,0,0,3,0,0,0,0,0,0," http://dbpedia.org/ontology/bronzeMedalist"
0,1,0,0,4,0,0,0,0,0,0," http://dbpedia.org/ontology/budget"
0,2,0,0,2,0,0,0,0,0,0," http://dbpedia.org/ontology/builder"
0,9,0,0,9,0,0,0,0,0,0," http://dbpedia.org/ontology/buildingEndDate"
0,21,0,0,22,0,0,0,0,0,0," http://dbpedia.org/ontology/buildingStartDate"
0,77,0,0,84,0,0,0,0,0,0," http://dbpedia.org/ontology/capacity"
0,0,0,0,1,0,0,0,0,0,0," http://dbpedia.org/ontology/capacityFactor"
1,0,1,0,0,1,1,1,1,1,1," http://dbpedia.org/ontology/careerPoints"
3536,3303,0,952,3420,1221,1435,1667,2230,2558,2787," http://dbpedia.org/ontology/careerPrizeMoney"
731690,753794,0,0,778705,0,0,0,0,458897,512414," http://dbpedia.org/ontology/careerStation"
0,0,883,0,0,0,0,0,0,0,0," http://dbpedia.org/ontology/careerprizemoney"
0,1,0,0,1,0,0,0,0,0,0," http://dbpedia.org/ontology/causalties"
136,317,0,0,356,0,0,46,48,54,113," http://dbpedia.org/ontology/centuryBreaks"
0,17,0,0,17,0,0,0,0,0,0," http://dbpedia.org/ontology/chairman"
0,14,0,0,17,0,0,0,0,0,0," http://dbpedia.org/ontology/chairmanTitle"
808,789,566,587,783,699,829,834,835,837,836," http://dbpedia.org/ontology/championships"
1,2,0,0,1,0,0,0,0,0,0," http://dbpedia.org/ontology/chancellor"
0,2,0,0,2,0,0,0,0,0,0," http://dbpedia.org/ontology/channel"
103,140,0,10,147,0,11,10,14,22,27," http://dbpedia.org/ontology/child"
0,0,6,0,0,0,0,0,0,0,0," http://dbpedia.org/ontology/children"
913,886,984,973,894,996,1109,1080,1078,1002,951," http://dbpedia.org/ontology/choreographer"
0,4,0,0,8,0,0,0,0,0,0," http://dbpedia.org/ontology/cinematography"
17,19,0,0,27,0,0,0,0,0,0," http://dbpedia.org/ontology/citizenship"
0,5,0,0,5,0,0,0,0,0,0," http://dbpedia.org/ontology/city"
0,4,0,0,7,0,0,0,0,0,0," http://dbpedia.org/ontology/class"
5807,6206,0,121221,7042,10,55,0,0,3994,4849," http://dbpedia.org/ontology/club"
0,0,190638,0,0,0,0,0,0,0,0," http://dbpedia.org/ontology/clubs"
1671,1630,1269,1274,1662,1277,1420,1407,1425,1599,1587," http://dbpedia.org/ontology/coach"
11095,83,0,64,121,0,0,0,0,0,0," http://dbpedia.org/ontology/coachedTeam"
0,0,70,0,0,0,0,0,0,0,0," http://dbpedia.org/ontology/coachedteam"
38,39,0,0,52,0,0,0,0,0,0," http://dbpedia.org/ontology/coachingRecord"
0,0,224,225,0,1,0,0,0,0,0," http://dbpedia.org/ontology/coachingTeam"
16698,13087,14108,16251,13228,8523,10281,11489,12148,15228,16039," http://dbpedia.org/ontology/college"
0,3,0,0,3,0,0,0,0,0,0," http://dbpedia.org/ontology/colour"
0,1,0,0,0,0,0,0,0,0,0," http://dbpedia.org/ontology/colourName"
0,2,0,0,2,0,0,0,0,0,0," http://dbpedia.org/ontology/combatant"
0,1,0,0,1,0,0,0,0,0,0," http://dbpedia.org/ontology/commander"
0,0,13,13,0,0,0,0,0,0,0," http://dbpedia.org/ontology/commands"
2,1,0,0,4,0,0,0,38789,0,1," http://dbpedia.org/ontology/commonName"
0,1,0,0,2,0,0,0,0,0,0," http://dbpedia.org/ontology/company"
0,2,1,1,3,0,0,0,0,0,0," http://dbpedia.org/ontology/completionDate"
3,46,0,0,52,0,0,0,0,0,0," http://dbpedia.org/ontology/composer"
12,0,0,0,0,0,0,0,0,0,0," http://dbpedia.org/ontology/computingMedia"
54,553,0,0,537,0,0,0,0,0,0," http://dbpedia.org/ontology/computingPlatform"
0,0,0,0,1,0,0,0,0,0,0," http://dbpedia.org/ontology/conservationStatus"
0,0,0,0,1,0,0,0,0,0,0," http://dbpedia.org/ontology/conservationStatusSystem"
0,11,0,0,11,0,0,0,0,0,0," http://dbpedia.org/ontology/cost"
21564,22195,66,115,22519,174,7242,9384,12709,15961,20170," http://dbpedia.org/ontology/country"
0,0,1490,0,0,0,0,0,0,0,0," http://dbpedia.org/ontology/countryofbirth"
0,0,395,0,0,0,0,0,0,0,0," http://dbpedia.org/ontology/countryofdeath"
0,0,0,0,1,0,0,0,0,0,0," http://dbpedia.org/ontology/coverArtist"
7,26,0,0,27,0,0,0,0,0,0," http://dbpedia.org/ontology/cpu"
0,0,0,0,1,0,0,0,0,0,0," http://dbpedia.org/ontology/creator"
0,0,31013,27348,0,0,0,0,0,0,0," http://dbpedia.org/ontology/currentNumber"
611,581,0,440,589,482,496,525,614,613,594," http://dbpedia.org/ontology/currentPartner"
0,0,74275,82087,0,0,0,0,0,0,0," http://dbpedia.org/ontology/currentPosition"
7,6,0,0,5,0,0,85,100,74,11," http://dbpedia.org/ontology/currentRank"
199,207,0,3,247,0,0,0,0,0,0," http://dbpedia.org/ontology/currentRecord"
0,0,0,0,3,0,0,0,0,0,0," http://dbpedia.org/ontology/currentSeason"
0,0,60027,56280,0,0,0,0,0,0,0," http://dbpedia.org/ontology/currentTeam"
0,1,0,0,1,0,0,0,0,0,0," http://dbpedia.org/ontology/damsire"
37,40,0,0,42,0,0,0,0,0,0," http://dbpedia.org/ontology/date"
62,54,19,21,56,17,22,0,0,5,19," http://dbpedia.org/ontology/deathCause"
55607,61666,0,12083,61095,9774,13612,17441,23605,31841,43639," http://dbpedia.org/ontology/deathDate"
53286,60760,0,6174,57058,6597,14535,21353,30792,37126,44605," http://dbpedia.org/ontology/deathPlace"
54143,57364,0,0,47704,0,0,0,0,16,42285," http://dbpedia.org/ontology/deathYear"
0,0,10178,0,0,0,0,0,0,0,0," http://dbpedia.org/ontology/deathdate"
0,0,6665,0,0,0,0,0,0,0,0," http://dbpedia.org/ontology/deathplace"
739,751,0,1916,775,553,562,585,434,708,710," http://dbpedia.org/ontology/debut"
0,0,144,1857,0,0,0,0,0,0,0," http://dbpedia.org/ontology/debutDate"
12027,28016,0,2178,26472,6,4146,7185,8043,10323,12102," http://dbpedia.org/ontology/debutTeam"
0,0,1915,8403,0,0,0,0,0,0,0," http://dbpedia.org/ontology/debutYear"
0,0,4873,0,0,0,0,0,0,0,0," http://dbpedia.org/ontology/debutteam"
10,11,0,0,11,0,0,0,0,0,0," http://dbpedia.org/ontology/deputy"
0,1,0,0,1,0,0,0,0,0,0," http://dbpedia.org/ontology/designCompany"
3,36,0,0,28,0,0,0,0,0,0," http://dbpedia.org/ontology/designer"
32,268,0,0,254,0,0,0,0,0,0," http://dbpedia.org/ontology/developer"
0,14,0,0,30,0,0,0,0,0,0," http://dbpedia.org/ontology/director"
1216,1055,0,0,1112,0,0,0,0,1215,1216," http://dbpedia.org/ontology/discipline"
0,1,0,0,1,0,0,0,0,0,0," http://dbpedia.org/ontology/dissolved"
0,39,0,0,48,0,0,0,0,0,0," http://dbpedia.org/ontology/distributor"
0,0,0,0,2,0,0,0,0,0,0," http://dbpedia.org/ontology/division"
3,4,0,0,4,0,0,0,0,0,0," http://dbpedia.org/ontology/doctoralAdvisor"
1,2,0,0,2,0,0,0,0,0,0," http://dbpedia.org/ontology/doctoralStudent"
10204,10080,3422,4938,10084,5385,5949,6923,7075,8287,18928," http://dbpedia.org/ontology/draft"
9071,9888,0,5108,10377,5939,6395,4110,7239,7500,16580," http://dbpedia.org/ontology/draftPick"
8719,9533,0,5099,10026,5509,5887,3799,6880,7138,15864," http://dbpedia.org/ontology/draftRound"
10203,10050,0,4318,10172,4641,5407,6949,7101,8607,9467," http://dbpedia.org/ontology/draftTeam"
20926,22517,0,9658,23343,10391,11532,11041,13961,16067,18502," http://dbpedia.org/ontology/draftYear"
0,0,3697,0,0,0,0,0,0,0,0," http://dbpedia.org/ontology/draftpick"
0,0,3690,0,0,0,0,0,0,0,0," http://dbpedia.org/ontology/draftround"
0,0,3089,0,0,0,0,0,0,0,0," http://dbpedia.org/ontology/draftteam"
0,0,6835,0,0,0,0,0,0,0,0," http://dbpedia.org/ontology/draftyear"
0,4,0,0,7,0,0,0,0,0,0," http://dbpedia.org/ontology/editing"
143,147,8,6,195,0,0,0,0,13,25," http://dbpedia.org/ontology/education"
2,2,0,0,2,0,0,0,0,0,0," http://dbpedia.org/ontology/electionDate"
1,1,0,0,4,0,0,0,0,0,0," http://dbpedia.org/ontology/electionMajority"
56,56,7,7,65,0,0,0,0,5,11," http://dbpedia.org/ontology/employer"
0,2,0,0,2,0,0,0,0,0,0," http://dbpedia.org/ontology/engine"
1,1,0,0,1,0,0,0,0,0,0," http://dbpedia.org/ontology/entrezgene"
2,2,0,0,2,0,0,0,0,0,0," http://dbpedia.org/ontology/era"
345,222,0,0,243,8,14,16,35,27,438," http://dbpedia.org/ontology/espnId"
0,0,108,7,0,0,0,0,0,0,0," http://dbpedia.org/ontology/espnid"
19,22,3,3,27,0,0,0,0,4,4," http://dbpedia.org/ontology/ethnicity"
219,164,0,0,175,0,17,32,63,81,126," http://dbpedia.org/ontology/event"
0,1,0,0,1,0,0,0,0,0,0," http://dbpedia.org/ontology/executiveProducer"
3,5,0,0,13,0,0,0,0,0,0," http://dbpedia.org/ontology/eyeColor"
0,1,0,0,3,0,0,0,0,0,0," http://dbpedia.org/ontology/family"
786,765,567,587,759,699,828,834,835,810,808," http://dbpedia.org/ontology/fastestLap"
0,0,0,1877,0,1780,0,0,0,0,0," http://dbpedia.org/ontology/fc"
0,0,1924,1878,0,1781,0,0,0,0,0," http://dbpedia.org/ontology/fcRuns"
0,0,1922,0,0,0,0,0,0,0,0," http://dbpedia.org/ontology/fcs"
22,23,0,0,24,0,0,0,0,0,0," http://dbpedia.org/ontology/field"
13,13,0,0,12,0,0,0,0,0,0," http://dbpedia.org/ontology/fileSize"
0,0,0,3639,0,0,0,0,0,0,0," http://dbpedia.org/ontology/finalYear"
0,0,1941,0,0,0,0,0,0,0,0," http://dbpedia.org/ontology/finalyear"
0,0,0,0,1,0,0,0,0,0,0," http://dbpedia.org/ontology/firstAirDate"
814,796,570,592,788,703,833,839,841,845,845," http://dbpedia.org/ontology/firstRace"
94,93,37,37,92,91,100,101,102,102,99," http://dbpedia.org/ontology/firstWin"
3,0,0,0,0,0,0,0,0,0,0," http://dbpedia.org/ontology/flagBearer"
0,0,0,0,1,0,0,0,0,0,0," http://dbpedia.org/ontology/floorArea"
0,46,0,0,45,0,0,0,0,0,0," http://dbpedia.org/ontology/followingEvent"
0,7,0,0,12,0,0,0,0,0,0," http://dbpedia.org/ontology/format"
0,19,0,0,20,0,0,0,0,0,0," http://dbpedia.org/ontology/formationDate"
0,1,0,0,2,0,0,0,0,0,0," http://dbpedia.org/ontology/formationYear"
1,1,0,0,1,0,0,0,0,0,0," http://dbpedia.org/ontology/formerBandMember"
1138,1109,0,284,1168,355,468,496,632,759,999," http://dbpedia.org/ontology/formerChoreographer"
2548,2393,0,1414,2466,1355,1714,1735,1944,2063,2326," http://dbpedia.org/ontology/formerCoach"
21,15,0,33,14,33,42,46,58,53,28," http://dbpedia.org/ontology/formerHighschool"
0,11,0,0,10,0,0,0,0,0,0," http://dbpedia.org/ontology/formerName"
1706,1593,0,828,1616,803,938,932,1245,1347,1491," http://dbpedia.org/ontology/formerPartner"
129247,97746,35815,40887,101477,54501,68742,79195,88209,104262,114848," http://dbpedia.org/ontology/formerTeam"
0,0,44,0,0,0,0,0,0,0,0," http://dbpedia.org/ontology/former_school(s)"
0,0,218,0,0,0,0,0,0,0,0," http://dbpedia.org/ontology/formerchoreographer"
0,0,1332,0,0,0,0,0,0,0,0," http://dbpedia.org/ontology/formercoach"
0,0,779,0,0,0,0,0,0,0,0," http://dbpedia.org/ontology/formerpartner"
0,1,0,0,3,0,0,0,0,0,0," http://dbpedia.org/ontology/foundationPlace"
0,1,0,0,2,0,0,0,0,0,0," http://dbpedia.org/ontology/foundedBy"
0,0,0,0,1,0,0,0,0,0,0," http://dbpedia.org/ontology/foundingDate"
2,16,0,0,22,0,0,0,0,0,0," http://dbpedia.org/ontology/foundingYear"
0,1,0,0,2,0,0,0,0,0,0," http://dbpedia.org/ontology/frequency"
21,23,0,0,17,0,0,0,0,0,0," http://dbpedia.org/ontology/frequentlyUpdated"
0,6,0,0,5,0,0,0,0,0,0," http://dbpedia.org/ontology/gameArtist"
4,59,0,0,56,0,0,0,0,0,0," http://dbpedia.org/ontology/gameEngine"
2,3,0,0,3,0,0,0,0,0,0," http://dbpedia.org/ontology/games"
0,0,0,0,1,0,0,0,0,0,0," http://dbpedia.org/ontology/garrison"
1749,1970,18,13,1984,0,0,0,0,0,0," http://dbpedia.org/ontology/genre"
0,1,0,0,3,0,0,0,0,0,0," http://dbpedia.org/ontology/genus"
0,3,0,0,3,0,0,0,0,0,0," http://dbpedia.org/ontology/goldMedalist"
16,30,0,0,33,0,0,0,0,0,0," http://dbpedia.org/ontology/governor"
0,1,0,0,1,0,0,0,0,0,0," http://dbpedia.org/ontology/grandsire"
1,1,0,0,1,0,0,0,0,0,0," http://dbpedia.org/ontology/gridReference"
0,354,0,0,391,0,0,0,0,0,0," http://dbpedia.org/ontology/gross"
0,197,0,0,218,0,0,0,0,0,0," http://dbpedia.org/ontology/ground"
3,6,0,0,14,0,0,0,0,0,0," http://dbpedia.org/ontology/hairColor"
291,294,0,217,293,218,238,249,270,275,560," http://dbpedia.org/ontology/hallOfFame"
0,0,187,0,0,0,0,0,0,0,0," http://dbpedia.org/ontology/halloffame"
0,2,0,0,3,0,0,0,0,0,0," http://dbpedia.org/ontology/headquarter"
119280,158835,49879,45085,161443,21018,25574,36179,42073,68284,136209," http://dbpedia.org/ontology/height"
0,0,49,0,0,0,0,0,0,0,0," http://dbpedia.org/ontology/high_school"
268,392,0,0,411,0,0,184,197,211,235," http://dbpedia.org/ontology/highestBreak"
287,364,0,0,388,0,0,183,204,216,245," http://dbpedia.org/ontology/highestRank"
2655,2655,1192,1396,6432,1293,1404,1373,1439,2122,2597," http://dbpedia.org/ontology/highschool"
0,1,0,0,1,0,0,0,0,0,0," http://dbpedia.org/ontology/homeStadium"
0,0,18,16,0,0,0,0,0,0,0," http://dbpedia.org/ontology/homeTown"
2140,2349,0,12,2412,0,0,0,0,1691,1873," http://dbpedia.org/ontology/hometown"
272,267,0,0,272,0,0,0,0,246,263," http://dbpedia.org/ontology/honours"
0,1,0,0,1,0,0,0,0,0,0," http://dbpedia.org/ontology/icd10"
0,838,0,0,863,0,0,0,0,0,0," http://dbpedia.org/ontology/imdbId"
3,2,0,0,2,0,0,0,0,0,0," http://dbpedia.org/ontology/incumbent"
68,0,0,0,0,0,0,0,0,0,76," http://dbpedia.org/ontology/individualisedGnd"
0,0,0,0,0,2,2,4,7,0,0," http://dbpedia.org/ontology/individualisedPnd"
3,11,0,0,15,0,0,0,0,0,0," http://dbpedia.org/ontology/industry"
32,28,0,0,29,0,0,0,0,0,0," http://dbpedia.org/ontology/influenced"
80,66,0,0,66,0,0,0,0,0,0," http://dbpedia.org/ontology/influencedBy"
0,6,0,0,21,0,0,0,0,0,0," http://dbpedia.org/ontology/ingredient"
0,1,0,0,3,0,0,0,0,0,0," http://dbpedia.org/ontology/ingredientName"
0,0,0,0,1,0,0,0,0,0,0," http://dbpedia.org/ontology/installedCapacity"
11,8,0,0,8,0,0,0,0,0,0," http://dbpedia.org/ontology/institution"
1278,1136,7,3,1124,0,0,0,0,0,0," http://dbpedia.org/ontology/instrument"
0,0,0,0,1,0,0,0,0,0,0," http://dbpedia.org/ontology/internationally"
0,2,0,0,5,0,0,0,0,0,0," http://dbpedia.org/ontology/isPartOf"
0,1,0,1,2,0,0,0,0,0,0," http://dbpedia.org/ontology/isbn"
21,0,0,0,0,0,0,0,0,0,10," http://dbpedia.org/ontology/isniId"
1,1,0,0,1,0,0,0,0,0,0," http://dbpedia.org/ontology/iucnCategory"
0,0,0,0,1,0,0,0,0,0,0," http://dbpedia.org/ontology/jurisdiction"
0,2,0,0,2,0,0,0,0,0,0," http://dbpedia.org/ontology/keyPerson"
0,1,0,0,3,0,0,0,0,0,0," http://dbpedia.org/ontology/kingdom"
215,241,5,2,271,0,0,0,0,28,60," http://dbpedia.org/ontology/knownFor"
0,0,17,14,0,0,0,0,0,0,0," http://dbpedia.org/ontology/label"
18,48,0,1,63,0,0,0,0,0,0," http://dbpedia.org/ontology/language"
0,0,142,1858,0,0,0,0,0,0,0," http://dbpedia.org/ontology/lastDate"
22,19,13,2,21,27,25,36,40,44,23," http://dbpedia.org/ontology/lastPosition"
797,777,565,592,769,678,806,811,811,819,820," http://dbpedia.org/ontology/lastRace"
0,0,13,3,0,0,0,0,0,0,0," http://dbpedia.org/ontology/lastSeason"
94,93,32,32,92,85,99,100,102,103,100," http://dbpedia.org/ontology/lastWin"
0,0,1914,1967,0,0,0,0,0,0,0," http://dbpedia.org/ontology/lastYear"
2,3,0,0,2,0,0,0,0,0,0," http://dbpedia.org/ontology/latestPreviewVersion"
1,2,0,0,2,0,0,0,0,0,0," http://dbpedia.org/ontology/latestReleaseDate"
19,24,0,0,19,0,0,0,0,0,0," http://dbpedia.org/ontology/latestReleaseVersion"
0,1,0,0,1,0,0,0,0,0,0," http://dbpedia.org/ontology/layout"
0,1,0,0,2,0,0,0,0,0,0," http://dbpedia.org/ontology/lcc"
344,1,0,0,1,0,0,0,0,0,372," http://dbpedia.org/ontology/lccnId"
0,0,0,0,1,0,0,0,0,0,0," http://dbpedia.org/ontology/leader"
15586,14379,3100,3870,14648,4092,5332,8047,7470,11468,14268," http://dbpedia.org/ontology/league"
0,4,0,0,7,0,0,0,0,0,0," http://dbpedia.org/ontology/length"
49,58,0,0,54,0,0,0,0,0,0," http://dbpedia.org/ontology/license"
12,24,0,0,25,0,0,0,0,0,0," http://dbpedia.org/ontology/lieutenant"
0,1,0,0,1,0,0,0,0,0,0," http://dbpedia.org/ontology/lineLength"
0,1,0,0,4,0,0,0,0,0,0," http://dbpedia.org/ontology/literaryGenre"
15,123,0,0,139,0,0,0,0,0,0," http://dbpedia.org/ontology/location"
0,2,0,0,2,0,0,0,0,0,0," http://dbpedia.org/ontology/locationCity"
0,2,0,0,2,0,0,0,0,0,0," http://dbpedia.org/ontology/locationCountry"
0,5,0,0,4,0,0,0,0,0,0," http://dbpedia.org/ontology/logo"
0,5,0,0,5,0,0,0,0,0,0," http://dbpedia.org/ontology/longtype"
16,15,0,0,17,0,0,0,0,0,0," http://dbpedia.org/ontology/mainInterest"
0,39,0,0,42,0,0,0,0,0,0," http://dbpedia.org/ontology/manager"
16237,13746,0,7014,14017,0,0,4,7,8,3," http://dbpedia.org/ontology/managerClub"
0,21,0,0,25,0,0,0,0,0,0," http://dbpedia.org/ontology/managerTitle"
0,0,0,2315,0,0,0,0,0,0,0," http://dbpedia.org/ontology/managerYears"
0,0,16967,0,0,0,0,0,0,0,0," http://dbpedia.org/ontology/managerclubs"
0,0,287,0,0,0,0,0,0,0,0," http://dbpedia.org/ontology/manageryears"
10,51,0,0,51,0,0,0,0,0,0," http://dbpedia.org/ontology/manufacturer"
2,0,0,0,0,0,0,0,0,0,0," http://dbpedia.org/ontology/mbaId"
0,1,0,2,3,0,0,0,0,0,0," http://dbpedia.org/ontology/mediaType"
0,1,0,0,1,0,0,0,0,0,0," http://dbpedia.org/ontology/meshId"
80,110,0,0,129,0,0,0,0,0,0," http://dbpedia.org/ontology/militaryBranch"
82,102,0,0,124,0,0,0,0,0,0," http://dbpedia.org/ontology/militaryCommand"
14,19,0,12,25,0,0,0,0,0,0," http://dbpedia.org/ontology/militaryRank"
49,55,0,0,60,0,0,0,0,0,0," http://dbpedia.org/ontology/militaryUnit"
9,7,0,0,7,0,0,0,0,0,0," http://dbpedia.org/ontology/mission"
3,6,0,0,7,0,0,0,0,0,0," http://dbpedia.org/ontology/monarch"
0,0,0,0,1,0,0,0,0,0,0," http://dbpedia.org/ontology/motto"
5,5,0,0,5,0,0,0,0,0,0," http://dbpedia.org/ontology/movement"
0,5,0,0,10,0,0,0,0,0,0," http://dbpedia.org/ontology/musicComposer"
0,1,0,0,0,0,0,0,0,0,0," http://dbpedia.org/ontology/musicFusionGenre"
0,3,0,0,2,0,0,0,0,0,0," http://dbpedia.org/ontology/musicalArtist"
0,3,0,0,2,0,0,0,0,0,0," http://dbpedia.org/ontology/musicalBand"
0,0,0,0,1,0,0,0,0,0,0," http://dbpedia.org/ontology/narrator"
21,677,0,14588,4614,20,41,0,0,504,664," http://dbpedia.org/ontology/nationalTeam"
0,0,0,11539,0,0,0,0,0,0,0," http://dbpedia.org/ontology/nationalYears"
20546,21684,2373,2471,25773,2413,8066,8967,8428,21205,22195," http://dbpedia.org/ontology/nationality"
0,0,24714,0,0,0,0,0,0,0,0," http://dbpedia.org/ontology/nationalteam"
0,0,3170,0,0,0,0,0,0,0,0," http://dbpedia.org/ontology/nationalyears"
3,0,0,0,0,0,0,0,0,0,0," http://dbpedia.org/ontology/ndlId"
2,1,0,0,1,0,0,0,0,0,0," http://dbpedia.org/ontology/nearestCity"
0,6,1,1,8,0,0,0,0,0,0," http://dbpedia.org/ontology/network"
9,10,0,0,10,0,0,0,0,2,2," http://dbpedia.org/ontology/networth"
0,3,0,0,3,0,0,0,0,0,0," http://dbpedia.org/ontology/nextEvent"
7,0,0,0,0,0,0,0,0,0,8," http://dbpedia.org/ontology/nlaId"
4,2,0,0,2,0,0,0,0,0,0," http://dbpedia.org/ontology/nominee"
0,0,0,0,8,0,0,0,0,0,0," http://dbpedia.org/ontology/notableCommander"
7,6,0,0,6,0,0,0,0,0,0," http://dbpedia.org/ontology/notableIdea"
18,18,0,0,19,0,0,0,0,0,0," http://dbpedia.org/ontology/notableWork"
0,0,2,5,0,0,0,0,0,0,0," http://dbpedia.org/ontology/notesOnPlaceOfBurial"
0,1,0,0,1,0,0,0,0,0,0," http://dbpedia.org/ontology/nrhpReferenceNumber"
62281,65467,0,547,67630,36067,40841,35928,46846,51427,56938," http://dbpedia.org/ontology/number"
0,8,0,0,8,0,0,0,0,0,0," http://dbpedia.org/ontology/numberBuilt"
2,0,0,0,0,0,0,0,0,0,0," http://dbpedia.org/ontology/numberOfBronzeMedalsWon"
3,0,0,0,0,0,0,0,0,0,0," http://dbpedia.org/ontology/numberOfCompetitors"
0,4,0,0,6,0,0,0,0,0,0," http://dbpedia.org/ontology/numberOfEmployees"
0,2,0,0,3,0,0,0,0,0,0," http://dbpedia.org/ontology/numberOfEpisodes"
2,0,0,0,0,0,0,0,0,0,0," http://dbpedia.org/ontology/numberOfGoldMedalsWon"
0,1,0,0,3,0,0,0,0,0,0," http://dbpedia.org/ontology/numberOfPages"
0,3,0,0,4,0,0,0,0,0,0," http://dbpedia.org/ontology/numberOfSeasons"
2,0,0,0,0,0,0,0,0,0,0," http://dbpedia.org/ontology/numberOfSilverMedalsWon"
2,0,0,0,0,0,0,0,0,0,0," http://dbpedia.org/ontology/numberOfSports"
0,0,0,0,3,0,0,0,0,0,0," http://dbpedia.org/ontology/numberOfTeams"
3128,3104,79,108,3416,1,85,96,125,736,967," http://dbpedia.org/ontology/occupation"
0,2,0,0,2,0,0,0,0,0,0," http://dbpedia.org/ontology/oclc"
108,212,0,0,265,0,0,0,0,0,0," http://dbpedia.org/ontology/office"
0,0,0,0,1,0,0,0,0,0,0," http://dbpedia.org/ontology/officialSchoolColour"
0,8,0,0,9,0,0,0,0,0,0," http://dbpedia.org/ontology/openingDate"
0,1,0,0,2,0,0,0,0,0,0," http://dbpedia.org/ontology/openingYear"
0,2,0,0,2,0,0,0,0,0,0," http://dbpedia.org/ontology/operatedBy"
105,109,0,0,112,0,0,0,0,0,0," http://dbpedia.org/ontology/operatingSystem"
0,14,0,0,16,0,0,0,0,0,0," http://dbpedia.org/ontology/operator"
4,3,0,0,3,0,0,0,0,0,0," http://dbpedia.org/ontology/opponent"
0,2,0,0,6,0,0,0,0,0,0," http://dbpedia.org/ontology/order"
91,137,0,0,149,0,0,0,0,0,0," http://dbpedia.org/ontology/orderInOffice"
0,11,0,0,14,0,0,0,0,0,0," http://dbpedia.org/ontology/origin"
0,0,9980,11476,0,0,0,0,0,0,0," http://dbpedia.org/ontology/otherName"
4,7,0,0,8,0,0,0,0,0,0," http://dbpedia.org/ontology/otherParty"
95,119,0,0,145,0,0,67,66,79,86," http://dbpedia.org/ontology/otherWins"
2696,3376,0,14,3600,0,0,0,0,0,0," http://dbpedia.org/ontology/overallRecord"
0,47,0,0,50,0,0,0,0,0,0," http://dbpedia.org/ontology/owner"
0,1,0,0,1,0,0,0,0,0,0," http://dbpedia.org/ontology/owningCompany"
0,0,0,1,0,0,0,0,0,0,0," http://dbpedia.org/ontology/pages"
44,49,0,0,54,0,0,0,0,4,8," http://dbpedia.org/ontology/parent"
0,3,0,0,4,0,0,0,0,0,0," http://dbpedia.org/ontology/parentCompany"
0,0,0,0,1,0,0,0,0,0,0," http://dbpedia.org/ontology/parentOrganisation"
0,3,0,0,6,0,0,0,0,0,0," http://dbpedia.org/ontology/participant"
8,7,430,0,7,0,0,2,0,2,5," http://dbpedia.org/ontology/partner"
136,222,0,21,267,0,0,0,0,2,5," http://dbpedia.org/ontology/party"
0,0,0,9514,0,0,0,0,0,0,0," http://dbpedia.org/ontology/pastTeam"
0,0,8457,0,0,0,0,0,0,0,0," http://dbpedia.org/ontology/pastteams"
64,57,0,0,76,0,0,0,0,5,12," http://dbpedia.org/ontology/personFunction"
2,2,0,0,2,0,0,0,0,0,0," http://dbpedia.org/ontology/philosophicalSchool"
0,1,0,0,1,0,0,0,0,0,0," http://dbpedia.org/ontology/phylum"
131,182,0,0,186,0,0,18,25,35,31," http://dbpedia.org/ontology/picture"
0,2,0,0,2,0,0,0,0,0,0," http://dbpedia.org/ontology/place"
3,2,0,0,2,0,0,0,0,0,0," http://dbpedia.org/ontology/placeOfBurial"
0,0,45135,0,0,0,0,0,0,0,0," http://dbpedia.org/ontology/playername"
3746,3565,883,964,3720,1264,1459,1713,2337,2810,6118," http://dbpedia.org/ontology/plays"
789,768,567,589,761,702,833,838,839,813,811," http://dbpedia.org/ontology/podiums"
784,763,566,587,757,699,829,833,834,807,806," http://dbpedia.org/ontology/poles"
0,1,0,0,1,0,0,0,0,0,0," http://dbpedia.org/ontology/populationPlace"
215853,188534,0,0,193955,79479,97764,101287,124024,141313,195360," http://dbpedia.org/ontology/position"
96,311,0,1,361,0,0,0,0,62,70," http://dbpedia.org/ontology/predecessor"
0,10,0,0,13,0,0,0,0,0,0," http://dbpedia.org/ontology/presenter"
9,35,0,0,34,0,0,0,0,0,0," http://dbpedia.org/ontology/president"
0,46,0,0,45,0,0,0,0,0,0," http://dbpedia.org/ontology/previousEvent"
0,17,0,0,32,0,0,0,0,0,0," http://dbpedia.org/ontology/previousWork"
183,0,0,0,0,0,0,81,93,106,159," http://dbpedia.org/ontology/priceMoney"
17,30,0,0,41,0,0,0,0,0,0," http://dbpedia.org/ontology/primeMinister"
2,30,0,0,60,0,0,0,0,0,0," http://dbpedia.org/ontology/producer"
4,14,0,0,17,0,0,0,0,0,0," http://dbpedia.org/ontology/product"
0,3,0,0,4,0,0,0,0,0,0," http://dbpedia.org/ontology/productionEndYear"
0,4,0,0,5,0,0,0,0,0,0," http://dbpedia.org/ontology/productionStartYear"
49,77,0,0,86,0,0,0,0,0,0," http://dbpedia.org/ontology/profession"
0,3,0,0,7,0,0,0,0,0,0," http://dbpedia.org/ontology/programmeFormat"
50,45,0,0,44,0,0,0,0,0,0," http://dbpedia.org/ontology/programmingLanguage"
1,1,0,0,1,0,0,0,0,0,0," http://dbpedia.org/ontology/promotion"
809,725,0,436,838,477,498,735,788,710,758," http://dbpedia.org/ontology/prospectLeague"
773,478,0,428,651,468,490,701,810,712,709," http://dbpedia.org/ontology/prospectTeam"
0,0,436,0,0,0,0,0,0,0,0," http://dbpedia.org/ontology/prospectleague"
0,0,434,0,0,0,0,0,0,0,0," http://dbpedia.org/ontology/prospectteam"
6,7,0,0,7,0,0,0,0,0,0," http://dbpedia.org/ontology/pseudonym"
9,224,0,1,223,0,0,0,0,0,0," http://dbpedia.org/ontology/publisher"
9950,8879,0,0,8940,0,0,0,0,9370,9957," http://dbpedia.org/ontology/race"
2443,2437,0,0,2514,0,0,0,0,2095,2292," http://dbpedia.org/ontology/raceHorse"
796,775,570,592,768,705,838,841,841,817,818," http://dbpedia.org/ontology/races"
0,0,9,0,0,0,0,0,0,0,0," http://dbpedia.org/ontology/rank"
2,0,0,0,0,0,0,0,0,0,0," http://dbpedia.org/ontology/rankInFinalMedalCount"
50,54,0,0,55,0,0,49,50,51,50," http://dbpedia.org/ontology/rankingWins"
6,214,0,0,196,0,0,0,0,174,214," http://dbpedia.org/ontology/rating"
0,2,0,0,2,0,0,0,0,0,0," http://dbpedia.org/ontology/recordDate"
601,555,0,0,550,0,0,0,0,0,0," http://dbpedia.org/ontology/recordLabel"
0,2,0,0,15,0,0,0,0,0,0," http://dbpedia.org/ontology/recordedIn"
79,106,0,0,119,0,0,0,0,0,0," http://dbpedia.org/ontology/region"
0,2,0,0,2,0,0,0,0,0,0," http://dbpedia.org/ontology/regionServed"
0,5,0,0,5,0,0,0,0,0,0," http://dbpedia.org/ontology/related"
0,2,0,0,2,0,0,0,0,0,0," http://dbpedia.org/ontology/relatedMeanOfTransportation"
51,39,0,0,44,0,0,0,0,3,5," http://dbpedia.org/ontology/relation"
1070,1127,0,282,1250,0,370,432,556,707,857," http://dbpedia.org/ontology/relative"
21,262,1,1,263,0,0,0,0,0,0," http://dbpedia.org/ontology/releaseDate"
122,136,8,8,160,0,0,0,0,11,19," http://dbpedia.org/ontology/religion"
9771,9755,1533,1665,10186,1380,3479,4354,6358,8728,9162," http://dbpedia.org/ontology/residence"
0,0,0,852,0,738,0,0,0,0,0," http://dbpedia.org/ontology/resides"
74,86,0,0,99,0,0,0,0,7,6," http://dbpedia.org/ontology/restingPlace"
0,2,0,0,2,0,0,0,0,0,0," http://dbpedia.org/ontology/restingPlacePosition"
0,1,0,0,1,0,0,0,0,0,0," http://dbpedia.org/ontology/result"
0,1,0,0,3,0,0,0,0,0,0," http://dbpedia.org/ontology/revenue"
0,1,0,0,1,0,0,0,0,0,0," http://dbpedia.org/ontology/routeEnd"
0,1,0,0,1,0,0,0,0,0,0," http://dbpedia.org/ontology/routeStart"
0,27,0,0,53,0,0,0,0,0,0," http://dbpedia.org/ontology/runtime"
4,3,1,0,3,0,0,0,0,0,2," http://dbpedia.org/ontology/salary"
5004,5185,0,680,5855,1,1041,1271,1824,2416,3794," http://dbpedia.org/ontology/school"
0,45,0,0,51,0,0,0,0,0,0," http://dbpedia.org/ontology/season"
0,17,0,0,16,0,0,0,0,0,0," http://dbpedia.org/ontology/seatingCapacity"
5,2,0,0,2,0,0,0,0,0,0," http://dbpedia.org/ontology/selection"
3,0,0,0,0,0,0,0,0,0,2," http://dbpedia.org/ontology/selibrId"
1,3,0,0,4,0,0,0,0,0,0," http://dbpedia.org/ontology/seniority"
1,40,0,0,44,0,0,0,0,0,0," http://dbpedia.org/ontology/series"
0,0,0,0,1,0,0,0,0,0,0," http://dbpedia.org/ontology/service"
47,68,0,0,79,0,0,0,0,0,0," http://dbpedia.org/ontology/serviceEndYear"
0,1,0,0,1,0,0,0,0,0,0," http://dbpedia.org/ontology/serviceNumber"
54,80,0,0,92,0,0,0,0,0,0," http://dbpedia.org/ontology/serviceStartYear"
0,0,0,13,0,0,0,0,0,0,0," http://dbpedia.org/ontology/serviceYears"
0,2,0,0,3,0,0,0,0,0,0," http://dbpedia.org/ontology/sex"
0,0,0,0,1,0,0,0,0,0,0," http://dbpedia.org/ontology/shareDate"
0,0,0,0,1,0,0,0,0,0,0," http://dbpedia.org/ontology/shareOfAudience"
0,0,0,0,1,0,0,0,0,0,0," http://dbpedia.org/ontology/shareSource"
0,1,0,0,1,0,0,0,0,0,0," http://dbpedia.org/ontology/shipBeam"
0,0,0,0,1,0,0,0,0,0,0," http://dbpedia.org/ontology/shoeNumber"
13354,13913,4471,4956,14017,5559,6260,8101,9419,9950,24162," http://dbpedia.org/ontology/shoots"
0,18,0,0,20,0,0,0,0,0,0," http://dbpedia.org/ontology/signature"
0,0,0,0,1,0,0,0,0,0,0," http://dbpedia.org/ontology/significantProject"
0,3,0,0,3,0,0,0,0,0,0," http://dbpedia.org/ontology/silverMedalist"
0,1,0,0,1,0,0,0,0,0,0," http://dbpedia.org/ontology/sire"
0,1,0,0,1,0,0,0,0,0,0," http://dbpedia.org/ontology/slogan"
74,86,0,0,96,0,0,0,0,0,0," http://dbpedia.org/ontology/soundRecording"
0,148,0,0,175,0,0,0,0,130,386," http://dbpedia.org/ontology/spike"
2365,2304,449,391,2301,397,2159,2444,2630,2634,2385," http://dbpedia.org/ontology/sport"
128,149,0,0,164,0,0,76,100,102,108," http://dbpedia.org/ontology/sportCountry"
118,189,8,13,191,0,5,6,8,29,39," http://dbpedia.org/ontology/spouse"
0,15,0,0,15,0,0,0,0,0,0," http://dbpedia.org/ontology/squadNumber"
0,3,0,0,2,0,0,0,0,0,0," http://dbpedia.org/ontology/stadium"
0,17,0,0,55,0,0,0,0,0,0," http://dbpedia.org/ontology/starring"
0,0,0,0,1,0,0,0,0,0,0," http://dbpedia.org/ontology/state"
1,2,0,0,3,0,0,0,0,0,0," http://dbpedia.org/ontology/stateDelegate"
4198,6400,0,0,6630,0,0,0,1776,4673,5271," http://dbpedia.org/ontology/stateOfOrigin"
25120,2,0,9933,7,10221,11519,14362,20153,20911,20828," http://dbpedia.org/ontology/statisticLabel"
18311,2,0,10081,8,6613,7825,14892,16596,17221,17665," http://dbpedia.org/ontology/statisticValue"
115,0,0,2005,1,288,814,928,776,190,714," http://dbpedia.org/ontology/statisticYear"
3270,4149,2379,2665,4040,2946,3396,3595,4330,4677,9914," http://dbpedia.org/ontology/status"
0,6,0,0,0,0,0,0,0,0,0," http://dbpedia.org/ontology/stylisticOrigin"
0,12,0,0,25,0,0,0,0,0,0," http://dbpedia.org/ontology/subsequentWork"
0,0,0,0,6,0,0,0,0,0,0," http://dbpedia.org/ontology/subsidiary"
216,344,0,1,406,0,0,0,0,58,68," http://dbpedia.org/ontology/successor"
2,0,0,0,0,0,0,0,0,0,0," http://dbpedia.org/ontology/sudocId"
0,0,12,0,0,0,0,0,0,0,0," http://dbpedia.org/ontology/suppdraftround"
0,0,12,0,0,0,0,0,0,0,0," http://dbpedia.org/ontology/suppdraftyear"
48,55,0,23,58,28,31,19,38,38,86," http://dbpedia.org/ontology/supplementalDraftRound"
47,54,0,23,56,27,30,19,37,37,42," http://dbpedia.org/ontology/supplementalDraftYear"
0,0,0,0,1,0,0,0,0,0,0," http://dbpedia.org/ontology/synonym"
802758,664656,0,28007,684167,252259,298514,390595,552875,620366,687458," http://dbpedia.org/ontology/team"
0,0,0,0,2,0,0,0,0,0,0," http://dbpedia.org/ontology/teamName"
0,0,23200,0,0,0,0,0,0,0,0," http://dbpedia.org/ontology/teams"
2,77,0,0,79,0,0,0,0,0,0," http://dbpedia.org/ontology/tenant"
41593,46046,0,0,49150,0,0,0,0,19777,32558," http://dbpedia.org/ontology/termPeriod"
19311,633,0,0,655,0,0,15508,17441,17969,37112," http://dbpedia.org/ontology/throwingSide"
0,0,8878,10427,0,0,0,0,0,0,0," http://dbpedia.org/ontology/throws"
70474,80659,0,30962,84748,19091,23589,29651,37464,53108,60535," http://dbpedia.org/ontology/thumbnail"
0,68,0,0,70,0,0,0,0,0,0," http://dbpedia.org/ontology/time"
3,1,0,0,1,0,0,0,0,0,0," http://dbpedia.org/ontology/timeInSpace"
0,0,0,11,0,0,0,0,0,0,0," http://dbpedia.org/ontology/titel"
188,1404,1,1,1495,0,0,0,0,999,1181," http://dbpedia.org/ontology/title"
169,209,0,0,245,0,0,0,0,0,0," http://dbpedia.org/ontology/tournamentRecord"
4015,3702,0,2026,3798,2227,2460,2782,2326,3735,3970," http://dbpedia.org/ontology/trainer"
0,4,0,0,5,0,0,0,0,0,0," http://dbpedia.org/ontology/transmission"
21,73,0,0,92,0,0,0,0,0,0," http://dbpedia.org/ontology/type"
0,1,0,0,1,0,0,0,0,0,0," http://dbpedia.org/ontology/typeOfElectrification"
4267,4719,0,1803,4919,1935,2158,2110,2748,3098,3778," http://dbpedia.org/ontology/undraftedYear"
0,0,1534,0,0,0,0,0,0,0,0," http://dbpedia.org/ontology/undraftedyear"
0,0,5,8,0,0,0,0,0,0,0," http://dbpedia.org/ontology/unit"
1944,1828,0,382,1954,0,581,719,1176,1466,1701," http://dbpedia.org/ontology/university"
0,1,0,0,9,0,0,0,0,0,0," http://dbpedia.org/ontology/usedInWar"
7813,29,0,0,24,0,0,0,0,0,12206," http://dbpedia.org/ontology/viafId"
3,7,0,0,8,0,0,0,0,0,0," http://dbpedia.org/ontology/vicePresident"
0,1,0,0,1,0,0,0,0,0,0," http://dbpedia.org/ontology/voltageOfElectrification"
0,1,0,0,2,0,0,0,0,0,0," http://dbpedia.org/ontology/webcast"
34171,65196,18784,19591,63982,18619,23245,29133,32336,48245,56565," http://dbpedia.org/ontology/weight"
337,355,0,130,357,166,195,212,229,247,690," http://dbpedia.org/ontology/whaDraft"
371,345,0,128,347,163,191,209,247,267,366," http://dbpedia.org/ontology/whaDraftTeam"
0,0,0,128,0,0,0,0,0,0,0," http://dbpedia.org/ontology/whaDraftYear"
0,0,93,0,0,0,0,0,0,0,0," http://dbpedia.org/ontology/whadraft"
0,0,93,0,0,0,0,0,0,0,0," http://dbpedia.org/ontology/whadraftteam"
0,0,93,0,0,0,0,0,0,0,0," http://dbpedia.org/ontology/whadraftyear"
0,2,0,0,2,0,0,0,0,0,0," http://dbpedia.org/ontology/wheelbase"
0,2,0,0,5,0,0,0,0,0,0," http://dbpedia.org/ontology/width"
390,483,0,0,1859,0,0,0,0,2784,0," http://dbpedia.org/ontology/wikiPageDisambiguates"
331268,338487,0,0,350435,0,175108,191050,223708,283885,301784," http://dbpedia.org/ontology/wikiPageExternalLink"
314851,350038,0,0,370625,0,0,0,184405,244837,268320," http://dbpedia.org/ontology/wikiPageID"
0,0,0,0,0,0,0,0,350346,7472,765," http://dbpedia.org/ontology/wikiPageInterLanguageLink"
314851,350038,0,0,370625,0,0,0,0,0,268320," http://dbpedia.org/ontology/wikiPageLength"
314851,350038,0,0,370625,0,0,0,0,0,268320," http://dbpedia.org/ontology/wikiPageOutDegree"
452,524,0,0,1,0,0,2,0,6427,3," http://dbpedia.org/ontology/wikiPageRedirects"
314851,350038,0,0,370625,0,0,0,184405,244837,268320," http://dbpedia.org/ontology/wikiPageRevisionID"
11433644,12687209,0,0,11962831,0,4227666,4793177,6477041,8529502,9736757," http://dbpedia.org/ontology/wikiPageWikiLink"
548368,692472,0,0,643640,0,0,0,0,0,0," http://dbpedia.org/ontology/wikiPageWikiLinkText"
1066,1049,567,589,1048,702,833,838,839,1059,1079," http://dbpedia.org/ontology/wins"
0,0,0,0,0,0,1,1,0,0,0," http://dbpedia.org/ontology/winsAtAlpg"
12,12,0,0,10,0,5,5,5,11,12," http://dbpedia.org/ontology/winsAtAsia"
4,4,0,0,6,0,3,3,2,3,4," http://dbpedia.org/ontology/winsAtAus"
14,14,0,0,14,0,11,11,11,14,14," http://dbpedia.org/ontology/winsAtChallenges"
7,7,0,0,7,0,12,12,10,10,6," http://dbpedia.org/ontology/winsAtChampionships"
0,0,0,0,0,0,1,1,0,0,0," http://dbpedia.org/ontology/winsAtJLPGA"
15,15,0,0,15,0,2,2,2,7,15," http://dbpedia.org/ontology/winsAtJapan"
9,9,0,0,9,0,2,2,0,0,9," http://dbpedia.org/ontology/winsAtLET"
5,5,0,0,5,0,6,6,8,8,5," http://dbpedia.org/ontology/winsAtLPGA"
25,26,0,0,26,0,43,44,2,22,26," http://dbpedia.org/ontology/winsAtMajors"
7,7,0,0,8,0,2,3,1,4,7," http://dbpedia.org/ontology/winsAtNWIDE"
9,8,0,0,8,0,20,21,5,7,9," http://dbpedia.org/ontology/winsAtOtherTournaments"
10,11,0,0,13,0,32,33,6,13,11," http://dbpedia.org/ontology/winsAtPGA"
4,3,0,0,4,0,4,6,1,3,3," http://dbpedia.org/ontology/winsAtProTournaments"
0,0,0,0,0,0,1,2,0,0,0," http://dbpedia.org/ontology/winsAtSenEuro"
7,8,0,0,8,0,35,36,12,10,6," http://dbpedia.org/ontology/winsInEurope"
0,0,0,0,0,0,0,32,23,0,0," http://dbpedia.org/ontology/worldChampion"
28,90,0,0,105,0,0,0,0,85,172," http://dbpedia.org/ontology/worldChampionTitleYear"
0,12,0,0,24,0,0,0,0,0,0," http://dbpedia.org/ontology/writer"
2843,3335,0,0,3906,0,0,0,0,1413,1907," http://dbpedia.org/ontology/year"
0,1,0,0,1,0,0,0,0,0,0," http://dbpedia.org/ontology/yearOfConstruction"
0,0,663,28186,0,0,0,0,0,0,0," http://dbpedia.org/ontology/years"
0,0,0,12152,0,88,137,0,0,0,0," http://dbpedia.org/ontology/youthClub"
0,0,0,7004,0,0,0,0,0,0,0," http://dbpedia.org/ontology/youthYears"
0,0,22150,0,0,0,0,0,0,0,0," http://dbpedia.org/ontology/youthclubs"
0,0,597,0,0,0,0,0,0,0,0," http://dbpedia.org/ontology/youthyears"
