"v2015-02-05","v2015-10-02","v2009-05-20","v2009-09-20","v2010-03-16","v2010-10-11","v2011-07-22","v2012-06-01","v2013-0-03","v2014-05-02","v2016-04-01","property"
0,0,0,2,0,0,0,0,0,0,0," http://dbpedia.org/ontology/Actor/geminiAward"
0,0,0,4,0,0,0,0,0,0,0," http://dbpedia.org/ontology/Actor/goldenCalfAward"
0,0,0,8,0,0,0,0,0,0,0," http://dbpedia.org/ontology/Actor/goldenRaspberryAward"
0,0,0,6,0,0,0,0,0,0,0," http://dbpedia.org/ontology/Actor/laurenceOlivierAward"
0,0,0,4,0,0,0,0,0,0,0," http://dbpedia.org/ontology/Actor/naacpImageAward"
0,0,0,12,0,0,0,0,0,0,0," http://dbpedia.org/ontology/Actor/screenActorsGuildAward"
0,0,0,47,0,0,0,0,0,0,0," http://dbpedia.org/ontology/AdultActor/numberOfFilms"
0,0,0,64,0,0,0,0,0,0,0," http://dbpedia.org/ontology/Architect/significantBuilding"
0,0,0,5,0,0,0,0,0,0,0," http://dbpedia.org/ontology/Architect/significantProject"
0,0,0,145,0,0,0,0,0,0,0," http://dbpedia.org/ontology/Artist/academyAward"
0,0,0,7,0,0,0,0,0,0,0," http://dbpedia.org/ontology/Artist/afiAward"
0,0,0,66,0,0,0,0,0,0,0," http://dbpedia.org/ontology/Artist/baftaAward"
0,0,0,13,0,0,0,0,0,0,0," http://dbpedia.org/ontology/Artist/cesarAward"
0,0,0,133,0,0,0,0,0,0,0," http://dbpedia.org/ontology/Artist/emmyAward"
0,0,0,269,0,0,0,0,0,0,0," http://dbpedia.org/ontology/Artist/field"
0,0,0,1,0,0,0,0,0,0,0," http://dbpedia.org/ontology/Artist/filmFareAward"
0,0,0,3089,0,0,0,0,0,0,0," http://dbpedia.org/ontology/Artist/genre"
0,0,0,60,0,0,0,0,0,0,0," http://dbpedia.org/ontology/Artist/goldenGlobeAward"
0,0,0,12,0,0,0,0,0,0,0," http://dbpedia.org/ontology/Artist/goyaAward"
0,0,0,23,0,0,0,0,0,0,0," http://dbpedia.org/ontology/Artist/grammyAward"
0,0,0,1930,0,0,0,0,0,0,0," http://dbpedia.org/ontology/Artist/instrument"
0,0,0,1560,0,0,0,0,0,0,0," http://dbpedia.org/ontology/Artist/label"
0,0,0,255,0,0,0,0,0,0,0," http://dbpedia.org/ontology/Artist/movement"
0,0,0,64,0,0,0,0,0,0,0," http://dbpedia.org/ontology/Artist/tonyAward"
0,0,0,108,0,0,0,0,0,0,0," http://dbpedia.org/ontology/Artist/training"
0,0,0,102,0,0,0,0,0,0,0," http://dbpedia.org/ontology/Astronaut/mission"
0,0,0,48,0,0,0,0,0,0,0," http://dbpedia.org/ontology/Astronaut/selection"
0,0,0,34,0,0,0,0,0,0,0," http://dbpedia.org/ontology/Astronaut/status"
522,465,0,43,0,172,516,521,527,531,419," http://dbpedia.org/ontology/Astronaut/timeInSpace"
0,0,0,31,0,0,0,0,0,0,0," http://dbpedia.org/ontology/Astronaut/type"
0,0,0,674,0,0,0,0,0,0,0," http://dbpedia.org/ontology/Athlete/currentNumber"
0,0,0,2246,0,0,0,0,0,0,0," http://dbpedia.org/ontology/Athlete/currentPosition"
0,0,0,1121,0,0,0,0,0,0,0," http://dbpedia.org/ontology/Athlete/currentTeam"
0,0,0,1135,0,0,0,0,0,0,0," http://dbpedia.org/ontology/Athlete/formerTeam"
0,0,0,1,0,0,0,0,0,0,0," http://dbpedia.org/ontology/BadmintonPlayer/coach"
0,0,0,69,0,0,0,0,0,0,0," http://dbpedia.org/ontology/BaseballPlayer/statisticLabel"
0,0,0,69,0,0,0,0,0,0,0," http://dbpedia.org/ontology/BaseballPlayer/statisticValue"
0,0,0,19,0,0,0,0,0,0,0," http://dbpedia.org/ontology/BaseballPlayer/statisticYear"
0,0,0,34,0,0,0,0,0,0,0," http://dbpedia.org/ontology/BasketballPlayer/college"
0,0,0,50,0,0,0,0,0,0,0," http://dbpedia.org/ontology/BasketballPlayer/draft"
0,0,0,36,0,0,0,0,0,0,0," http://dbpedia.org/ontology/BasketballPlayer/draftTeam"
0,0,0,48,0,0,0,0,0,0,0," http://dbpedia.org/ontology/BasketballPlayer/draftYear"
0,0,0,39,0,0,0,0,0,0,0," http://dbpedia.org/ontology/BasketballPlayer/highschool"
0,0,0,40,0,0,0,0,0,0,0," http://dbpedia.org/ontology/BasketballPlayer/league"
0,0,0,41,0,0,0,0,0,0,0," http://dbpedia.org/ontology/BasketballPlayer/number"
0,0,0,2,0,0,0,0,0,0,0," http://dbpedia.org/ontology/Book/country"
0,0,0,1,0,0,0,0,0,0,0," http://dbpedia.org/ontology/Book/illustrator"
0,0,0,1,0,0,0,0,0,0,0," http://dbpedia.org/ontology/Book/isbn"
0,0,0,1,0,0,0,0,0,0,0," http://dbpedia.org/ontology/Book/mediaType"
0,0,0,1,0,0,0,0,0,0,0," http://dbpedia.org/ontology/Book/pages"
0,0,0,1,0,0,0,0,0,0,0," http://dbpedia.org/ontology/Book/translator"
0,0,0,9,0,0,0,0,0,0,0," http://dbpedia.org/ontology/CollegeCoach/bowlRecord"
0,0,0,251,0,0,0,0,0,0,0," http://dbpedia.org/ontology/CollegeCoach/coachedTeam"
0,0,0,1,0,0,0,0,0,0,0," http://dbpedia.org/ontology/CollegeCoach/coachingRecord"
0,0,0,42,0,0,0,0,0,0,0," http://dbpedia.org/ontology/CollegeCoach/college"
0,0,0,13,0,0,0,0,0,0,0," http://dbpedia.org/ontology/CollegeCoach/currentRecord"
0,0,0,57,0,0,0,0,0,0,0," http://dbpedia.org/ontology/CollegeCoach/overallRecord"
0,0,0,41,0,0,0,0,0,0,0," http://dbpedia.org/ontology/CollegeCoach/titel"
0,0,0,3,0,0,0,0,0,0,0," http://dbpedia.org/ontology/Comedian/americanComedyAward"
0,0,0,10,0,0,0,0,0,0,0," http://dbpedia.org/ontology/Comedian/britishComedyAwards"
0,0,0,1,0,0,0,0,0,0,0," http://dbpedia.org/ontology/Comedian/olivierAward"
0,0,0,3,0,0,0,0,0,0,0," http://dbpedia.org/ontology/Company/industry"
0,0,0,3,0,0,0,0,0,0,0," http://dbpedia.org/ontology/Company/product"
0,0,0,41,0,0,0,0,0,0,0," http://dbpedia.org/ontology/Cricketer/debutDate"
0,0,0,46,0,0,0,0,0,0,0," http://dbpedia.org/ontology/Cricketer/debutYear"
0,0,0,47,0,0,0,0,0,0,0," http://dbpedia.org/ontology/Cricketer/fc"
0,0,0,47,0,0,0,0,0,0,0," http://dbpedia.org/ontology/Cricketer/fcRuns"
0,0,0,41,0,0,0,0,0,0,0," http://dbpedia.org/ontology/Cricketer/lastDate"
0,0,0,46,0,0,0,0,0,0,0," http://dbpedia.org/ontology/Cricketer/lastYear"
0,0,0,1,0,0,0,0,0,0,0," http://dbpedia.org/ontology/Event/date"
0,0,0,22,0,0,0,0,0,0,0," http://dbpedia.org/ontology/FigureSkater/choreographer"
0,0,0,32,0,0,0,0,0,0,0," http://dbpedia.org/ontology/FigureSkater/coach"
0,0,0,7,0,0,0,0,0,0,0," http://dbpedia.org/ontology/FigureSkater/country"
0,0,0,15,0,0,0,0,0,0,0," http://dbpedia.org/ontology/FigureSkater/currentPartner"
0,0,0,12,0,0,0,0,0,0,0," http://dbpedia.org/ontology/FigureSkater/formerChoreographer"
0,0,0,70,0,0,0,0,0,0,0," http://dbpedia.org/ontology/FigureSkater/formerCoach"
0,0,0,31,0,0,0,0,0,0,0," http://dbpedia.org/ontology/FigureSkater/formerPartner"
0,0,0,1,0,0,0,0,0,0,0," http://dbpedia.org/ontology/Film/distributor"
0,0,0,174,0,0,0,0,0,0,0," http://dbpedia.org/ontology/FootballPlayer/college"
0,0,0,2,0,0,0,0,0,0,0," http://dbpedia.org/ontology/FootballPlayer/debutTeam"
0,0,0,87,0,0,0,0,0,0,0," http://dbpedia.org/ontology/FootballPlayer/debutYear"
0,0,0,78,0,0,0,0,0,0,0," http://dbpedia.org/ontology/FootballPlayer/draftPick"
0,0,0,78,0,0,0,0,0,0,0," http://dbpedia.org/ontology/FootballPlayer/draftRound"
0,0,0,78,0,0,0,0,0,0,0," http://dbpedia.org/ontology/FootballPlayer/draftYear"
0,0,0,62,0,0,0,0,0,0,0," http://dbpedia.org/ontology/FootballPlayer/finalYear"
0,0,0,8,0,0,0,0,0,0,0," http://dbpedia.org/ontology/FootballPlayer/highschool"
0,0,0,59,0,0,0,0,0,0,0," http://dbpedia.org/ontology/FootballPlayer/pastTeam"
0,0,0,25,0,0,0,0,0,0,0," http://dbpedia.org/ontology/FootballPlayer/status"
0,0,0,371,0,0,0,0,0,0,0," http://dbpedia.org/ontology/FootballPlayer/team"
0,0,0,13,0,0,0,0,0,0,0," http://dbpedia.org/ontology/FootballPlayer/undraftedYear"
0,0,0,6,0,0,0,0,0,0,0," http://dbpedia.org/ontology/FormulaOneRacer/championships"
0,0,0,6,0,0,0,0,0,0,0," http://dbpedia.org/ontology/FormulaOneRacer/fastestLap"
0,0,0,6,0,0,0,0,0,0,0," http://dbpedia.org/ontology/FormulaOneRacer/firstRace"
0,0,0,6,0,0,0,0,0,0,0," http://dbpedia.org/ontology/FormulaOneRacer/lastRace"
0,0,0,6,0,0,0,0,0,0,0," http://dbpedia.org/ontology/FormulaOneRacer/podiums"
0,0,0,6,0,0,0,0,0,0,0," http://dbpedia.org/ontology/FormulaOneRacer/poles"
0,0,0,6,0,0,0,0,0,0,0," http://dbpedia.org/ontology/FormulaOneRacer/races"
0,0,0,6,0,0,0,0,0,0,0," http://dbpedia.org/ontology/FormulaOneRacer/wins"
0,0,0,1,0,0,0,0,0,0,0," http://dbpedia.org/ontology/HistoricPlace/added"
0,0,0,138,0,0,0,0,0,0,0," http://dbpedia.org/ontology/IceHockeyPlayer/draft"
0,0,0,127,0,0,0,0,0,0,0," http://dbpedia.org/ontology/IceHockeyPlayer/draftTeam"
0,0,0,131,0,0,0,0,0,0,0," http://dbpedia.org/ontology/IceHockeyPlayer/draftYear"
0,0,0,10,0,0,0,0,0,0,0," http://dbpedia.org/ontology/IceHockeyPlayer/hallOfFame"
0,0,0,115,0,0,0,0,0,0,0," http://dbpedia.org/ontology/IceHockeyPlayer/league"
0,0,0,14,0,0,0,0,0,0,0," http://dbpedia.org/ontology/IceHockeyPlayer/prospectLeague"
0,0,0,14,0,0,0,0,0,0,0," http://dbpedia.org/ontology/IceHockeyPlayer/prospectTeam"
0,0,0,191,0,0,0,0,0,0,0," http://dbpedia.org/ontology/IceHockeyPlayer/shoots"
0,0,0,3,0,0,0,0,0,0,0," http://dbpedia.org/ontology/IceHockeyPlayer/whaDraft"
0,0,0,3,0,0,0,0,0,0,0," http://dbpedia.org/ontology/IceHockeyPlayer/whaDraftTeam"
0,0,0,3,0,0,0,0,0,0,0," http://dbpedia.org/ontology/IceHockeyPlayer/whaDraftYear"
1,1,0,0,0,0,0,0,0,1,1," http://dbpedia.org/ontology/Infrastructure/length"
0,0,0,0,0,0,0,0,1,1,0," http://dbpedia.org/ontology/MeanOfTransportation/length"
0,0,0,1,0,0,0,0,0,0,0," http://dbpedia.org/ontology/MilitaryConflict/causalties"
0,0,0,2,0,0,0,0,0,0,0," http://dbpedia.org/ontology/MilitaryConflict/combatant"
0,0,0,1,0,0,0,0,0,0,0," http://dbpedia.org/ontology/MilitaryConflict/commander"
0,0,0,1,0,0,0,0,0,0,0," http://dbpedia.org/ontology/MilitaryConflict/partOf"
0,0,0,2,0,0,0,0,0,0,0," http://dbpedia.org/ontology/MilitaryConflict/place"
0,0,0,1,0,0,0,0,0,0,0," http://dbpedia.org/ontology/MilitaryConflict/result"
0,0,0,1,0,0,0,0,0,0,0," http://dbpedia.org/ontology/MilitaryConflict/strength"
0,0,0,4182,0,0,0,0,0,0,0," http://dbpedia.org/ontology/MilitaryPerson/allegiance"
0,0,0,8644,0,0,0,0,0,0,0," http://dbpedia.org/ontology/MilitaryPerson/battles"
0,0,0,3872,0,0,0,0,0,0,0," http://dbpedia.org/ontology/MilitaryPerson/branch"
0,0,0,1488,0,0,0,0,0,0,0," http://dbpedia.org/ontology/MilitaryPerson/commands"
0,0,0,3627,0,0,0,0,0,0,0," http://dbpedia.org/ontology/MilitaryPerson/militaryRank"
0,0,0,2813,0,0,0,0,0,0,0," http://dbpedia.org/ontology/MilitaryPerson/notesOnPlaceOfBurial"
0,0,0,2104,0,0,0,0,0,0,0," http://dbpedia.org/ontology/MilitaryPerson/serviceYears"
0,0,0,1867,0,0,0,0,0,0,0," http://dbpedia.org/ontology/MilitaryPerson/unit"
0,0,0,2,0,0,0,0,0,0,0," http://dbpedia.org/ontology/Monarch/dateOfBurial"
0,0,0,4,0,0,0,0,0,0,0," http://dbpedia.org/ontology/Monarch/placeOfBurial"
0,0,0,2219,0,0,0,0,0,0,0," http://dbpedia.org/ontology/MusicalArtist/associatedBand"
0,0,0,2219,0,0,0,0,0,0,0," http://dbpedia.org/ontology/MusicalArtist/associatedMusicalArtist"
0,0,0,944,0,0,0,0,0,0,0," http://dbpedia.org/ontology/MusicalArtist/background"
0,0,0,7,0,0,0,0,0,0,0," http://dbpedia.org/ontology/NationalCollegiateAthleticAssociationAthlete/college"
0,0,0,1,0,0,0,0,0,0,0," http://dbpedia.org/ontology/NationalCollegiateAthleticAssociationAthlete/formerHighschool"
0,0,0,11,0,0,0,0,0,0,0," http://dbpedia.org/ontology/NationalCollegiateAthleticAssociationAthlete/highschool"
0,0,0,7,0,0,0,0,0,0,0," http://dbpedia.org/ontology/NationalCollegiateAthleticAssociationAthlete/sport"
0,0,0,49,0,0,0,0,0,0,0," http://dbpedia.org/ontology/OfficeHolder/otherParty"
0,0,0,5,0,0,0,0,0,0,0," http://dbpedia.org/ontology/Organisation/foundationDate"
0,0,0,3,0,0,0,0,0,0,0," http://dbpedia.org/ontology/Organisation/foundationPlace"
0,0,0,4,0,0,0,0,0,0,0," http://dbpedia.org/ontology/Organisation/keyPersonPosition"
0,0,0,4,0,0,0,0,0,0,0," http://dbpedia.org/ontology/Organisation/location"
0,0,0,1,0,0,0,0,0,0,0," http://dbpedia.org/ontology/Organisation/numberOfEmployees"
0,0,0,1,0,0,0,0,0,0,0," http://dbpedia.org/ontology/Organisation/revenue"
0,0,0,5740,0,0,0,0,0,0,0," http://dbpedia.org/ontology/Person/activeYearsEndDate"
0,0,0,5781,0,0,0,0,0,0,0," http://dbpedia.org/ontology/Person/activeYearsStartDate"
0,0,0,2545,0,0,0,0,0,0,0," http://dbpedia.org/ontology/Person/almaMater"
0,0,0,5530,0,0,0,0,0,0,0," http://dbpedia.org/ontology/Person/award"
0,0,0,18743,0,0,0,0,0,0,0," http://dbpedia.org/ontology/Person/birthDate"
0,0,0,1416,0,0,0,0,0,0,0," http://dbpedia.org/ontology/Person/birthName"
0,0,0,25462,0,0,0,0,0,0,0," http://dbpedia.org/ontology/Person/birthPlace"
0,0,0,10,0,0,0,0,0,0,0," http://dbpedia.org/ontology/Person/boards"
0,0,0,386,0,0,0,0,0,0,0," http://dbpedia.org/ontology/Person/child"
0,0,0,197,0,0,0,0,0,0,0," http://dbpedia.org/ontology/Person/citizenship"
0,0,0,83,0,0,0,0,0,0,0," http://dbpedia.org/ontology/Person/deathCause"
0,0,0,10330,0,0,0,0,0,0,0," http://dbpedia.org/ontology/Person/deathDate"
0,0,0,13091,0,0,0,0,0,0,0," http://dbpedia.org/ontology/Person/deathPlace"
0,0,0,349,0,0,0,0,0,0,0," http://dbpedia.org/ontology/Person/education"
0,0,0,107,0,0,0,0,0,0,0," http://dbpedia.org/ontology/Person/employer"
0,0,0,255,0,0,0,0,0,0,0," http://dbpedia.org/ontology/Person/ethnicity"
0,0,0,128,0,0,0,0,0,0,0," http://dbpedia.org/ontology/Person/father"
94204,139445,0,2103,0,1894,17355,22972,49983,119485,148192," http://dbpedia.org/ontology/Person/height"
0,0,0,1056,0,0,0,0,0,0,0," http://dbpedia.org/ontology/Person/homeTown"
0,0,0,1425,0,0,0,0,0,0,0," http://dbpedia.org/ontology/Person/influenced"
0,0,0,1997,0,0,0,0,0,0,0," http://dbpedia.org/ontology/Person/influencedBy"
0,0,0,1927,0,0,0,0,0,0,0," http://dbpedia.org/ontology/Person/knownFor"
0,0,0,124,0,0,0,0,0,0,0," http://dbpedia.org/ontology/Person/mother"
0,0,0,1976,0,0,0,0,0,0,0," http://dbpedia.org/ontology/Person/nationality"
0,0,0,39,0,0,0,0,0,0,0," http://dbpedia.org/ontology/Person/networth"
0,0,0,8747,0,0,0,0,0,0,0," http://dbpedia.org/ontology/Person/occupation"
0,0,0,3714,0,0,0,0,0,0,0," http://dbpedia.org/ontology/Person/otherName"
0,0,0,105,0,0,0,0,0,0,0," http://dbpedia.org/ontology/Person/partner"
0,0,0,1968,0,0,0,0,0,0,0," http://dbpedia.org/ontology/Person/party"
0,0,0,342,0,0,0,0,0,0,0," http://dbpedia.org/ontology/Person/predecessor"
0,0,0,119,0,0,0,0,0,0,0," http://dbpedia.org/ontology/Person/pseudonym"
0,0,0,301,0,0,0,0,0,0,0," http://dbpedia.org/ontology/Person/relation"
0,0,0,114,0,0,0,0,0,0,0," http://dbpedia.org/ontology/Person/relative"
0,0,0,1134,0,0,0,0,0,0,0," http://dbpedia.org/ontology/Person/religion"
0,0,0,1180,0,0,0,0,0,0,0," http://dbpedia.org/ontology/Person/residence"
0,0,0,2179,0,0,0,0,0,0,0," http://dbpedia.org/ontology/Person/restingPlace"
0,0,0,9,0,0,0,0,0,0,0," http://dbpedia.org/ontology/Person/restingPlaceCoordinates"
0,0,0,11,0,0,0,0,0,0,0," http://dbpedia.org/ontology/Person/salary"
0,0,0,1840,0,0,0,0,0,0,0," http://dbpedia.org/ontology/Person/spouse"
0,0,0,343,0,0,0,0,0,0,0," http://dbpedia.org/ontology/Person/successor"
0,0,0,9,0,0,0,0,0,0,0," http://dbpedia.org/ontology/Person/term"
0,0,0,400,0,0,0,0,0,0,0," http://dbpedia.org/ontology/Person/title"
33103,67412,0,1078,0,5007,31092,34616,50605,58923,66144," http://dbpedia.org/ontology/Person/weight"
0,0,0,1,0,0,0,0,0,0,0," http://dbpedia.org/ontology/Place/location"
0,0,0,3,0,0,0,0,0,0,0," http://dbpedia.org/ontology/PokerPlayer/hometown"
0,0,0,0,0,0,1,0,0,0,0," http://dbpedia.org/ontology/PopulatedPlace/areaTotal"
0,0,0,0,0,3,2,0,0,0,0," http://dbpedia.org/ontology/PopulatedPlace/populationDensity"
0,0,0,20,0,0,0,0,0,0,0," http://dbpedia.org/ontology/RugbyPlayer/school"
0,0,0,10,0,0,0,0,0,0,0," http://dbpedia.org/ontology/RugbyPlayer/university"
0,0,0,7,0,0,0,0,0,0,0," http://dbpedia.org/ontology/Saint/beatifiedBy"
0,0,0,6,0,0,0,0,0,0,0," http://dbpedia.org/ontology/Saint/beatifiedDate"
0,0,0,2,0,0,0,0,0,0,0," http://dbpedia.org/ontology/Saint/beatifiedPlace"
0,0,0,4,0,0,0,0,0,0,0," http://dbpedia.org/ontology/Saint/canonizedBy"
0,0,0,6,0,0,0,0,0,0,0," http://dbpedia.org/ontology/Saint/canonizedDate"
0,0,0,14,0,0,0,0,0,0,0," http://dbpedia.org/ontology/Saint/feastDay"
0,0,0,7,0,0,0,0,0,0,0," http://dbpedia.org/ontology/Saint/majorShrine"
0,0,0,22,0,0,0,0,0,0,0," http://dbpedia.org/ontology/Saint/veneratedIn"
0,0,0,51,0,0,0,0,0,0,0," http://dbpedia.org/ontology/Scientist/academicAdvisor"
0,0,0,398,0,0,0,0,0,0,0," http://dbpedia.org/ontology/Scientist/doctoralAdvisor"
0,0,0,839,0,0,0,0,0,0,0," http://dbpedia.org/ontology/Scientist/doctoralStudent"
0,0,0,98,0,0,0,0,0,0,0," http://dbpedia.org/ontology/Scientist/notableStudent"
0,0,0,3103,0,0,0,0,0,0,0," http://dbpedia.org/ontology/SoccerPlayer/club"
0,0,0,157,0,0,0,0,0,0,0," http://dbpedia.org/ontology/SoccerPlayer/managerClub"
0,0,0,57,0,0,0,0,0,0,0," http://dbpedia.org/ontology/SoccerPlayer/managerYears"
0,0,0,410,0,0,0,0,0,0,0," http://dbpedia.org/ontology/SoccerPlayer/nationalTeam"
0,0,0,296,0,0,0,0,0,0,0," http://dbpedia.org/ontology/SoccerPlayer/nationalYears"
0,0,0,579,0,0,0,0,0,0,0," http://dbpedia.org/ontology/SoccerPlayer/years"
0,0,0,281,0,0,0,0,0,0,0," http://dbpedia.org/ontology/SoccerPlayer/youthClub"
0,0,0,142,0,0,0,0,0,0,0," http://dbpedia.org/ontology/SoccerPlayer/youthYears"
0,0,0,70,0,0,0,0,0,0,0," http://dbpedia.org/ontology/TennisPlayer/careerPrizeMoney"
0,0,0,23,0,0,0,0,0,0,0," http://dbpedia.org/ontology/TennisPlayer/country"
0,0,0,72,0,0,0,0,0,0,0," http://dbpedia.org/ontology/TennisPlayer/plays"
0,0,0,1,0,0,0,0,0,0,0," http://dbpedia.org/ontology/Work/author"
0,0,0,2,0,0,0,0,0,0,0," http://dbpedia.org/ontology/Work/genre"
0,0,0,3,0,0,0,0,0,0,0," http://dbpedia.org/ontology/Work/language"
0,0,0,1,0,0,0,0,0,0,0," http://dbpedia.org/ontology/Work/publisher"
0,0,0,2,0,0,0,0,0,0,0," http://dbpedia.org/ontology/Work/releaseDate"
8,11,0,2,0,13,21,32,16,10,8," http://dbpedia.org/ontology/Work/runtime"
0,0,0,1,0,0,0,0,0,0,0," http://dbpedia.org/ontology/Work/subsequentWork"
0,0,0,42,0,0,0,0,0,0,0," http://dbpedia.org/ontology/Wrestler/billed"
0,0,0,61,0,0,0,0,0,0,0," http://dbpedia.org/ontology/Wrestler/debut"
0,0,0,36,0,0,0,0,0,0,0," http://dbpedia.org/ontology/Wrestler/resides"
0,0,0,104,0,0,0,0,0,0,0," http://dbpedia.org/ontology/Wrestler/trainer"
0,0,0,330,0,0,0,0,0,0,0," http://dbpedia.org/ontology/Writer/notableWork"
0,0,0,0,0,1,0,0,0,0,0," http://dbpedia.org/ontology/abbreviation"
1172729,1282025,0,0,48663,296298,821223,986198,1074974,1167919,1165251," http://dbpedia.org/ontology/abstract"
1196,1144,0,51,53,267,463,586,825,1005,1244," http://dbpedia.org/ontology/academicAdvisor"
0,0,0,145,124,242,0,0,0,0,0," http://dbpedia.org/ontology/academyAward"
0,0,110,0,0,0,0,0,0,0,0," http://dbpedia.org/ontology/academyaward"
0,0,0,0,0,0,0,0,0,0,239," http://dbpedia.org/ontology/activeYears"
55171,25221,321,5797,4620,27225,46777,54678,61960,71851,26483," http://dbpedia.org/ontology/activeYearsEndDate"
63073,67999,0,0,8645,24680,25710,32229,44913,51755,69168," http://dbpedia.org/ontology/activeYearsEndYear"
67286,30598,426,5908,5344,33561,58659,68100,77156,89426,32247," http://dbpedia.org/ontology/activeYearsStartDate"
131743,141126,0,0,12804,49384,64250,75481,106566,122570,144133," http://dbpedia.org/ontology/activeYearsStartYear"
10,11,1,1,0,1,9,11,12,11,7," http://dbpedia.org/ontology/added"
0,0,0,0,0,0,1,4,2,0,0," http://dbpedia.org/ontology/address"
4,0,0,0,0,0,0,1,0,1,0," http://dbpedia.org/ontology/affiliation"
0,0,0,7,7,21,0,0,0,0,0," http://dbpedia.org/ontology/afiAward"
0,0,6,0,0,0,0,0,0,0,0," http://dbpedia.org/ontology/afiaaward"
0,0,0,0,0,0,0,0,0,0,749," http://dbpedia.org/ontology/agency"
0,0,0,0,0,0,0,0,2,0,0," http://dbpedia.org/ontology/aircraftFighter"
0,0,0,0,0,0,1,2,1,0,0," http://dbpedia.org/ontology/album"
127035,130973,0,0,3435,9699,13824,15064,22357,225232,98318," http://dbpedia.org/ontology/alias"
20040,19406,3949,4182,0,0,0,0,19477,39268,19739," http://dbpedia.org/ontology/allegiance"
89320,114136,2255,2545,3375,23570,42335,60659,75334,98047,121707," http://dbpedia.org/ontology/almaMater"
0,0,0,3,5,8,0,0,0,0,0," http://dbpedia.org/ontology/americanComedyAward"
1345,1546,0,0,29,528,916,1359,1592,1959,1588," http://dbpedia.org/ontology/appointer"
2,1,0,0,0,0,1,1,1,2,1," http://dbpedia.org/ontology/architect"
4,3,0,0,0,0,2,4,4,3,3," http://dbpedia.org/ontology/architecturalStyle"
0,6,0,0,0,0,5,6,7,6,3," http://dbpedia.org/ontology/area"
1,0,0,0,0,1,0,1,2,4,0," http://dbpedia.org/ontology/areaCode"
0,0,0,0,0,4,1,0,0,0,0," http://dbpedia.org/ontology/areaLand"
0,0,0,0,0,4,1,0,0,0,0," http://dbpedia.org/ontology/areaTotal"
0,0,0,0,0,4,1,0,0,0,0," http://dbpedia.org/ontology/areaWater"
0,0,0,0,0,2,0,0,0,0,0," http://dbpedia.org/ontology/arielAward"
0,0,1,0,0,0,0,0,0,0,0," http://dbpedia.org/ontology/arielaward"
9,7,0,0,0,1,9,8,19,18,6," http://dbpedia.org/ontology/artist"
0,0,0,0,0,1,0,2,1,0,0," http://dbpedia.org/ontology/assets"
1346,2567,0,0,85,572,819,969,1239,2024,2813," http://dbpedia.org/ontology/associate"
183,154,0,0,3,93,114,136,137,167,161," http://dbpedia.org/ontology/associatedAct"
85294,82690,2031,2219,1623,31245,51268,62699,71612,78875,84951," http://dbpedia.org/ontology/associatedBand"
85294,82690,2031,2219,1623,31245,51268,62699,71612,78875,84951," http://dbpedia.org/ontology/associatedMusicalArtist"
0,0,0,0,0,0,0,1,0,0,0," http://dbpedia.org/ontology/athletics"
10,7,3,1,3,5,7,11,15,17,6," http://dbpedia.org/ontology/author"
93513,79673,5194,5530,7147,24658,48561,65351,72981,86043,83685," http://dbpedia.org/ontology/award"
44074,46470,875,944,1687,17693,31302,34579,38246,83758,47511," http://dbpedia.org/ontology/background"
0,0,0,66,49,115,0,0,0,0,0," http://dbpedia.org/ontology/baftaAward"
0,0,57,0,0,0,0,0,0,0,0," http://dbpedia.org/ontology/baftaaward"
188,157,0,0,0,0,313,365,326,189,104," http://dbpedia.org/ontology/bandMember"
0,0,0,0,0,0,2,3,0,0,0," http://dbpedia.org/ontology/basedOn"
0,0,60,71,0,0,0,0,0,0,0," http://dbpedia.org/ontology/bats"
18815,643,0,0,0,0,15499,17434,17985,37132,664," http://dbpedia.org/ontology/battingSide"
77774,72938,0,0,11476,28329,47941,60454,63947,74341,75103," http://dbpedia.org/ontology/battle"
0,0,7733,8644,0,0,0,0,0,0,0," http://dbpedia.org/ontology/battles"
626,687,0,7,12,101,417,520,581,618,723," http://dbpedia.org/ontology/beatifiedBy"
520,636,0,6,13,92,375,399,450,501,670," http://dbpedia.org/ontology/beatifiedDate"
441,654,0,2,7,74,231,268,338,415,723," http://dbpedia.org/ontology/beatifiedPlace"
0,0,6,0,0,0,0,0,0,0,0," http://dbpedia.org/ontology/beatified_date"
0,0,2,0,0,0,0,0,0,0,0," http://dbpedia.org/ontology/beatified_place"
1,0,0,0,0,0,0,0,0,0,0," http://dbpedia.org/ontology/bedCount"
211,319,0,0,0,0,107,123,138,338,337," http://dbpedia.org/ontology/bestFinish"
77,1,0,0,0,0,0,0,0,24,1," http://dbpedia.org/ontology/bibsysId"
2199,1997,0,42,64,269,1430,1151,1960,2142,2115," http://dbpedia.org/ontology/billed"
0,0,0,0,0,1,0,1,1,0,0," http://dbpedia.org/ontology/binomialAuthority"
1045550,1101002,0,19154,29216,153535,468670,609998,686405,995287,988174," http://dbpedia.org/ontology/birthDate"
59431,68021,0,1416,1354,8210,29310,35485,44985,52585,72677," http://dbpedia.org/ontology/birthName"
1213226,1258785,0,25462,29921,277421,677927,849892,964319,1111059,1136800," http://dbpedia.org/ontology/birthPlace"
1028894,1047954,0,0,3123,14336,69716,85112,96652,973597,812229," http://dbpedia.org/ontology/birthYear"
0,0,17807,0,0,0,0,0,0,0,0," http://dbpedia.org/ontology/birthdate"
0,0,1251,0,0,0,0,0,0,0,0," http://dbpedia.org/ontology/birthname"
0,0,24505,0,0,0,0,0,0,0,0," http://dbpedia.org/ontology/birthplace"
0,133,0,0,0,0,0,0,113,362,161," http://dbpedia.org/ontology/block"
1262,217,0,0,0,0,0,0,0,1604,16," http://dbpedia.org/ontology/bnfId"
1621,1616,0,0,19,270,701,1016,1233,1427,1748," http://dbpedia.org/ontology/board"
0,0,5,10,0,0,0,0,0,0,0," http://dbpedia.org/ontology/boards"
189,194,0,0,2,21,56,88,110,129,220," http://dbpedia.org/ontology/bodyDiscovered"
0,0,0,0,0,0,0,0,1,0,0," http://dbpedia.org/ontology/border"
0,0,0,0,0,0,0,1,1,0,0," http://dbpedia.org/ontology/borough"
601,633,0,9,31,160,0,1,533,1090,660," http://dbpedia.org/ontology/bowlRecord"
693,2,0,0,0,0,0,0,0,1250,1," http://dbpedia.org/ontology/bpnId"
0,0,3614,3872,0,0,0,0,0,0,0," http://dbpedia.org/ontology/branch"
0,0,0,10,5,5,0,0,0,0,0," http://dbpedia.org/ontology/britishComedyAwards"
0,2,0,0,0,0,2,4,3,3,2," http://dbpedia.org/ontology/broadcastArea"
1,0,0,0,0,0,0,0,0,0,0," http://dbpedia.org/ontology/broadcastNetwork"
0,1,0,0,0,0,0,1,1,2,1," http://dbpedia.org/ontology/broadcastStationClass"
0,0,0,0,0,0,0,2,0,0,0," http://dbpedia.org/ontology/budget"
0,0,0,0,0,0,2,2,4,2,0," http://dbpedia.org/ontology/builder"
1,1,0,0,0,0,0,0,1,1,0," http://dbpedia.org/ontology/buildingEndDate"
2,2,0,0,0,0,0,1,1,2,2," http://dbpedia.org/ontology/buildingStartDate"
1,1,0,0,0,0,0,0,0,1,1," http://dbpedia.org/ontology/buildingStartYear"
0,0,0,0,0,0,0,0,727,887,0," http://dbpedia.org/ontology/buriedPlace"
305,316,0,0,0,15,555,542,334,331,318," http://dbpedia.org/ontology/bustSize"
42,40,0,0,0,8,20,24,29,68,42," http://dbpedia.org/ontology/callSign"
617,592,0,4,17,104,464,565,597,612,613," http://dbpedia.org/ontology/canonizedBy"
419,444,0,6,13,86,329,349,385,408,453," http://dbpedia.org/ontology/canonizedDate"
361,384,0,0,7,70,239,268,322,356,397," http://dbpedia.org/ontology/canonizedPlace"
0,0,6,0,0,0,0,0,0,0,0," http://dbpedia.org/ontology/canonized_date"
2,2,0,0,0,0,0,2,1,1,2," http://dbpedia.org/ontology/capacity"
0,2,0,0,0,2,3,4,5,11,0," http://dbpedia.org/ontology/capital"
1,0,0,0,0,0,1,1,1,1,0," http://dbpedia.org/ontology/careerPoints"
3088,3303,0,73,117,223,1667,2230,2558,2787,3420," http://dbpedia.org/ontology/careerPrizeMoney"
826399,890186,0,0,0,0,0,0,577196,643162,920428," http://dbpedia.org/ontology/careerStation"
0,0,46,0,0,0,0,0,0,0,0," http://dbpedia.org/ontology/careerprizemoney"
1,1,0,0,0,0,0,0,0,1,0," http://dbpedia.org/ontology/category"
3,1,1,1,1,1,2,2,2,4,1," http://dbpedia.org/ontology/causalties"
0,0,0,0,0,0,1,0,0,0,0," http://dbpedia.org/ontology/censusYear"
135,317,0,0,0,0,46,48,54,113,356," http://dbpedia.org/ontology/centuryBreaks"
0,0,0,0,0,0,1,1,1,2,0," http://dbpedia.org/ontology/certification"
0,0,0,13,20,40,0,0,0,0,0," http://dbpedia.org/ontology/cesarAward"
0,0,15,0,0,0,0,0,0,0,0," http://dbpedia.org/ontology/cesaraward"
1,1,0,0,0,0,0,0,0,0,1," http://dbpedia.org/ontology/chairman"
1,1,0,0,0,0,0,0,0,0,1," http://dbpedia.org/ontology/chairmanTitle"
808,789,6,6,39,489,834,835,837,836,783," http://dbpedia.org/ontology/championships"
127,268,0,0,27,108,141,156,186,212,302," http://dbpedia.org/ontology/chancellor"
2,2,0,0,0,0,0,2,3,0,2," http://dbpedia.org/ontology/channel"
12847,14251,0,386,707,3254,6849,8663,11413,13075,14576," http://dbpedia.org/ontology/child"
0,0,360,0,0,0,0,0,0,0,0," http://dbpedia.org/ontology/children"
913,886,22,22,44,100,1080,1078,1002,951,894," http://dbpedia.org/ontology/choreographer"
1,2,0,0,0,2,4,5,5,1,2," http://dbpedia.org/ontology/cinematography"
0,1,0,0,0,0,0,0,0,0,1," http://dbpedia.org/ontology/circulation"
6179,6038,167,197,267,1354,3145,4359,4999,5854,6308," http://dbpedia.org/ontology/citizenship"
3,2,0,0,0,0,2,5,5,8,1," http://dbpedia.org/ontology/city"
0,0,0,0,0,1,0,1,2,0,0," http://dbpedia.org/ontology/class"
1,1,0,0,0,0,0,0,1,1,0," http://dbpedia.org/ontology/closingDate"
1,1,0,0,0,0,0,0,1,1,0," http://dbpedia.org/ontology/closingYear"
5566,6206,0,3103,1,4,0,0,3994,4849,7042," http://dbpedia.org/ontology/club"
0,0,7365,0,0,0,0,0,0,0,0," http://dbpedia.org/ontology/clubs"
1669,1627,32,33,49,154,1407,1425,1601,1589,1657," http://dbpedia.org/ontology/coach"
28094,243,0,251,588,3609,2,10,22793,25587,224," http://dbpedia.org/ontology/coachedTeam"
0,0,330,0,0,0,0,0,0,0,0," http://dbpedia.org/ontology/coachedteam"
80,88,0,1,1,26,0,0,53,116,102," http://dbpedia.org/ontology/coachingRecord"
16743,13204,199,257,291,2916,11489,12150,15228,16269,13229," http://dbpedia.org/ontology/college"
0,0,0,0,0,0,2,4,3,1,0," http://dbpedia.org/ontology/colour"
0,0,0,0,0,0,2,2,2,1,0," http://dbpedia.org/ontology/colourName"
0,0,0,0,0,1,0,0,0,0,0," http://dbpedia.org/ontology/colours"
11,6,2,2,2,2,4,3,3,12,0," http://dbpedia.org/ontology/combatant"
3,1,2,1,1,1,2,1,1,1,2," http://dbpedia.org/ontology/commander"
0,0,1336,1488,0,0,0,0,0,0,0," http://dbpedia.org/ontology/commands"
0,0,0,0,0,0,0,0,1,1,0," http://dbpedia.org/ontology/commissioningDate"
285,828,0,0,97,374,508,569,673,1604,848," http://dbpedia.org/ontology/committee"
2,1,0,0,0,0,0,44413,0,1,5," http://dbpedia.org/ontology/commonName"
1,0,0,0,0,2,5,2,0,0,0," http://dbpedia.org/ontology/company"
2,2,0,0,0,3,7,7,2,2,1," http://dbpedia.org/ontology/completionDate"
0,0,0,0,0,1,1,0,0,1,1," http://dbpedia.org/ontology/composer"
2,1,0,0,0,0,0,2,1,3,0," http://dbpedia.org/ontology/cost"
49177,51680,21,32,5079,15141,33376,42553,23286,50069,52416," http://dbpedia.org/ontology/country"
0,0,58,0,0,0,0,0,0,0,0," http://dbpedia.org/ontology/countryofbirth"
0,0,18,0,0,0,0,0,0,0,0," http://dbpedia.org/ontology/countryofdeath"
0,0,0,0,0,0,1,1,1,1,0," http://dbpedia.org/ontology/county"
0,0,0,0,0,0,1,0,0,0,0," http://dbpedia.org/ontology/countySeat"
5377,11452,0,0,0,2,11381,11991,11699,11350,11773," http://dbpedia.org/ontology/creator"
0,1,0,0,0,0,0,0,0,0,1," http://dbpedia.org/ontology/curator"
0,0,0,0,0,1,0,0,0,0,0," http://dbpedia.org/ontology/currency"
0,0,0,0,86,0,0,0,0,0,0," http://dbpedia.org/ontology/currentDomicile"
21076,305618,0,0,0,0,0,224716,242093,273309,315780," http://dbpedia.org/ontology/currentMember"
0,0,14,0,0,0,0,0,0,0,0," http://dbpedia.org/ontology/currentMembers"
0,0,819,690,0,0,0,0,0,0,0," http://dbpedia.org/ontology/currentNumber"
611,581,0,15,24,66,525,614,613,594,589," http://dbpedia.org/ontology/currentPartner"
0,0,1932,2246,0,0,0,0,0,0,0," http://dbpedia.org/ontology/currentPosition"
7,6,0,0,0,0,85,100,74,11,5," http://dbpedia.org/ontology/currentRank"
847,894,0,13,23,97,0,0,663,1482,927," http://dbpedia.org/ontology/currentRecord"
0,0,1276,1121,0,0,0,0,0,0,0," http://dbpedia.org/ontology/currentTeam"
3,4,1,1,1,1,2,3,3,3,4," http://dbpedia.org/ontology/date"
8,12,2,2,1,5,9,9,9,9,12," http://dbpedia.org/ontology/dateOfBurial"
0,0,0,0,0,0,0,0,0,2,0," http://dbpedia.org/ontology/daylightSavingTimeZone"
1,1,0,0,0,0,1,1,3,2,0," http://dbpedia.org/ontology/dcc"
4996,4551,75,83,211,641,1357,2249,3511,4546,4938," http://dbpedia.org/ontology/deathCause"
477524,497833,0,10655,15979,70829,187706,255430,283222,453832,420416," http://dbpedia.org/ontology/deathDate"
331150,349610,0,13091,12683,94929,175576,223290,260734,303811,303972," http://dbpedia.org/ontology/deathPlace"
473486,485681,0,0,2162,9072,29598,36198,41913,449759,365554," http://dbpedia.org/ontology/deathYear"
0,0,9551,0,0,0,0,0,0,0,0," http://dbpedia.org/ontology/deathdate"
0,0,12709,0,0,0,0,0,0,0,0," http://dbpedia.org/ontology/deathplace"
738,751,0,61,45,132,585,434,708,710,775," http://dbpedia.org/ontology/debut"
0,0,3,46,0,0,0,0,0,0,0," http://dbpedia.org/ontology/debutDate"
12003,28016,0,2,0,487,7185,8043,10323,12102,26472," http://dbpedia.org/ontology/debutTeam"
0,0,46,134,0,0,0,0,0,0,0," http://dbpedia.org/ontology/debutYear"
0,0,25,0,0,0,0,0,0,0,0," http://dbpedia.org/ontology/debutteam"
0,0,0,0,0,0,0,0,1,1,0," http://dbpedia.org/ontology/decommissioningDate"
441,463,0,0,0,0,0,0,366,401,476," http://dbpedia.org/ontology/depictionDescription"
1388,2154,0,0,201,742,995,1221,1439,1775,2264," http://dbpedia.org/ontology/deputy"
0,0,0,0,0,0,0,2,0,0,0," http://dbpedia.org/ontology/developer"
2,5,0,0,0,4,8,9,8,4,4," http://dbpedia.org/ontology/director"
1598,1399,0,0,0,0,0,0,1573,1605,1464," http://dbpedia.org/ontology/discipline"
0,1,0,0,0,1,1,1,1,1,0," http://dbpedia.org/ontology/dissolutionDate"
0,1,0,0,0,1,2,3,4,5,0," http://dbpedia.org/ontology/dissolutionYear"
7,0,0,1,0,2,8,9,5,1,0," http://dbpedia.org/ontology/distributor"
2,1,0,0,0,0,2,2,2,1,1," http://dbpedia.org/ontology/district"
2,1,0,0,0,1,0,3,3,2,0," http://dbpedia.org/ontology/division"
6113,5813,0,398,463,1602,3208,4002,4618,5400,6093," http://dbpedia.org/ontology/doctoralAdvisor"
7174,6978,0,839,754,2662,4470,5202,5838,6467,7245," http://dbpedia.org/ontology/doctoralStudent"
9615,10080,122,188,327,770,6923,7075,8287,18928,10084," http://dbpedia.org/ontology/draft"
9068,9888,0,78,183,1210,4110,7239,7500,16580,10377," http://dbpedia.org/ontology/draftPick"
8716,9533,0,78,167,1076,3799,6880,7138,15864,10026," http://dbpedia.org/ontology/draftRound"
9837,10050,0,163,281,726,6949,7101,8607,9467,10172," http://dbpedia.org/ontology/draftTeam"
20411,22517,0,257,468,1874,11041,13961,16067,18502,23343," http://dbpedia.org/ontology/draftYear"
0,0,46,0,0,0,0,0,0,0,0," http://dbpedia.org/ontology/draftpick"
0,0,46,0,0,0,0,0,0,0,0," http://dbpedia.org/ontology/draftround"
0,0,112,0,0,0,0,0,0,0,0," http://dbpedia.org/ontology/draftteam"
0,0,161,0,0,0,0,0,0,0,0," http://dbpedia.org/ontology/draftyear"
1,1,0,0,0,0,2,1,2,1,1," http://dbpedia.org/ontology/editing"
0,0,0,0,0,0,0,1,1,0,0," http://dbpedia.org/ontology/editor"
23397,22128,304,349,420,3033,8828,13137,16970,21024,23485," http://dbpedia.org/ontology/education"
44,106,0,0,4,84,116,125,118,117,106," http://dbpedia.org/ontology/electionDate"
1452,1750,0,0,109,960,1253,1355,1537,1795,1796," http://dbpedia.org/ontology/electionMajority"
0,0,0,0,0,2,1,1,2,1,0," http://dbpedia.org/ontology/elevation"
0,0,0,133,101,295,1,0,0,0,0," http://dbpedia.org/ontology/emmyAward"
0,0,110,0,0,0,0,0,0,0,0," http://dbpedia.org/ontology/emmyaward"
6947,6779,86,107,246,1083,2773,4221,5117,6472,7143," http://dbpedia.org/ontology/employer"
0,0,0,0,0,0,0,1,0,0,0," http://dbpedia.org/ontology/endowment"
0,0,0,0,0,0,1,1,1,0,0," http://dbpedia.org/ontology/episodeNumber"
0,0,0,0,0,0,0,1,0,0,0," http://dbpedia.org/ontology/equity"
1328,1191,0,0,122,354,777,1086,1212,1347,1224," http://dbpedia.org/ontology/era"
345,222,0,0,0,1,16,35,27,438,243," http://dbpedia.org/ontology/espnId"
0,0,1,0,0,0,0,0,0,0,0," http://dbpedia.org/ontology/espnid"
7902,7363,239,255,311,1250,3019,4758,5423,7110,7976," http://dbpedia.org/ontology/ethnicity"
219,164,0,0,0,14,32,63,81,126,175," http://dbpedia.org/ontology/event"
0,0,0,0,0,2,2,0,1,0,0," http://dbpedia.org/ontology/executiveProducer"
0,0,0,0,1,1,2,3,3,2,0," http://dbpedia.org/ontology/extinctionYear"
1705,1845,0,0,0,0,0,0,344,2992,3184," http://dbpedia.org/ontology/eyeColor"
0,0,0,0,0,0,1,1,0,0,0," http://dbpedia.org/ontology/facultySize"
0,0,0,0,0,1,0,1,3,0,0," http://dbpedia.org/ontology/family"
786,765,6,6,39,490,834,835,810,808,759," http://dbpedia.org/ontology/fastestLap"
0,0,8,128,504,0,0,0,0,0,0," http://dbpedia.org/ontology/father"
0,0,0,47,46,0,0,0,0,0,0," http://dbpedia.org/ontology/fc"
0,0,48,47,46,0,0,0,0,0,0," http://dbpedia.org/ontology/fcRuns"
0,0,47,0,0,0,0,0,0,0,0," http://dbpedia.org/ontology/fcs"
23,27,0,19,0,4,20,20,22,27,27," http://dbpedia.org/ontology/feastDay"
0,0,9,0,0,0,0,0,0,0,0," http://dbpedia.org/ontology/feastday"
41082,38782,237,269,263,6008,20810,27857,32522,37991,40222," http://dbpedia.org/ontology/field"
0,0,0,1,4,71,10,0,0,0,0," http://dbpedia.org/ontology/filmFareAward"
0,0,54,0,0,0,0,0,0,0,0," http://dbpedia.org/ontology/filmfareaward"
0,0,0,62,0,0,0,0,0,0,0," http://dbpedia.org/ontology/finalYear"
0,0,26,0,0,0,0,0,0,0,0," http://dbpedia.org/ontology/finalyear"
0,0,0,0,0,0,2,1,2,1,0," http://dbpedia.org/ontology/firstAirDate"
6189,4870,0,0,0,0,2841,3513,3126,8610,5187," http://dbpedia.org/ontology/firstAppearance"
814,796,6,6,39,490,839,841,845,845,788," http://dbpedia.org/ontology/firstRace"
94,93,1,0,26,77,101,102,102,99,92," http://dbpedia.org/ontology/firstWin"
1,1,0,0,0,0,0,0,0,2,1," http://dbpedia.org/ontology/flag"
1,0,0,0,0,0,0,0,0,0,0," http://dbpedia.org/ontology/floorCount"
0,0,1,0,0,0,0,0,0,0,0," http://dbpedia.org/ontology/followed_by"
15,11,0,0,0,6,12,17,29,27,8," http://dbpedia.org/ontology/format"
4,2,0,0,0,1,2,0,0,1,2," http://dbpedia.org/ontology/formationDate"
3,3,0,0,3,13,22,4,5,6,2," http://dbpedia.org/ontology/formationYear"
88,79,0,0,0,0,188,180,154,98,55," http://dbpedia.org/ontology/formerBandMember"
3,0,0,0,0,0,0,0,0,0,0," http://dbpedia.org/ontology/formerBroadcastNetwork"
1138,1109,0,12,34,94,496,632,759,999,1168," http://dbpedia.org/ontology/formerChoreographer"
2548,2393,0,70,98,205,1735,1944,2063,2326,2466," http://dbpedia.org/ontology/formerCoach"
21,15,0,1,2,9,46,58,53,28,14," http://dbpedia.org/ontology/formerHighschool"
0,0,0,0,0,0,0,2,2,2,0," http://dbpedia.org/ontology/formerName"
1706,1593,0,31,34,81,932,1245,1347,1491,1616," http://dbpedia.org/ontology/formerPartner"
125705,97746,1059,1135,2439,12890,79195,88209,104262,114848,101477," http://dbpedia.org/ontology/formerTeam"
0,0,1,0,0,0,0,0,0,0,0," http://dbpedia.org/ontology/former_school(s)"
0,0,12,0,0,0,0,0,0,0,0," http://dbpedia.org/ontology/formerchoreographer"
0,0,64,0,0,0,0,0,0,0,0," http://dbpedia.org/ontology/formercoach"
0,0,29,0,0,0,0,0,0,0,0," http://dbpedia.org/ontology/formerpartner"
0,0,0,6,0,0,0,0,0,0,0," http://dbpedia.org/ontology/foundationDate"
0,0,0,0,0,1,0,0,0,0,0," http://dbpedia.org/ontology/foundationPerson"
9,7,0,3,1,4,3,12,9,8,6," http://dbpedia.org/ontology/foundationPlace"
0,0,1,0,0,0,0,0,0,0,0," http://dbpedia.org/ontology/foundationdate"
0,0,1,0,0,0,0,0,0,0,0," http://dbpedia.org/ontology/foundationplace"
2,1,0,0,0,0,3,4,6,8,1," http://dbpedia.org/ontology/foundedBy"
0,1,0,0,0,0,0,0,0,0,1," http://dbpedia.org/ontology/founder"
4,3,0,0,0,2,2,11,5,6,1," http://dbpedia.org/ontology/foundingDate"
27,26,0,0,0,2,8,45,38,41,20," http://dbpedia.org/ontology/foundingYear"
0,0,0,2,4,20,0,0,0,0,0," http://dbpedia.org/ontology/geminiAward"
0,0,4,0,0,0,0,0,0,0,0," http://dbpedia.org/ontology/geminiaward"
203,217,0,0,0,0,212,214,201,202,226," http://dbpedia.org/ontology/gender"
117802,108645,2791,3091,2621,43881,74661,96337,106900,116500,110778," http://dbpedia.org/ontology/genre"
0,0,0,0,0,1,0,1,1,0,0," http://dbpedia.org/ontology/genus"
0,0,0,4,4,9,0,0,0,0,0," http://dbpedia.org/ontology/goldenCalfAward"
0,0,0,60,32,75,0,0,0,0,0," http://dbpedia.org/ontology/goldenGlobeAward"
0,0,0,8,8,13,0,0,0,0,0," http://dbpedia.org/ontology/goldenRaspberryAward"
0,0,5,0,0,0,0,0,0,0,0," http://dbpedia.org/ontology/goldencalfaward"
0,0,83,0,0,0,0,0,0,0,0," http://dbpedia.org/ontology/goldenglobeaward"
0,0,12,0,0,0,0,0,0,0,0," http://dbpedia.org/ontology/goldenraspberryaward"
1,1,0,0,0,0,1,1,1,1,1," http://dbpedia.org/ontology/governingBody"
0,0,0,0,0,1,0,0,0,2,0," http://dbpedia.org/ontology/governmentType"
1953,3889,0,0,114,983,1605,2118,2413,2955,4257," http://dbpedia.org/ontology/governor"
276,238,0,0,22,131,253,306,293,634,241," http://dbpedia.org/ontology/governorGeneral"
0,0,0,12,10,26,0,0,0,0,0," http://dbpedia.org/ontology/goyaAward"
0,0,2,0,0,0,0,0,0,0,0," http://dbpedia.org/ontology/goyaaward"
0,0,0,23,30,34,0,0,0,0,0," http://dbpedia.org/ontology/grammyAward"
0,0,6,0,0,0,0,0,0,0,0," http://dbpedia.org/ontology/grammyaward"
0,0,0,0,0,0,0,1,1,0,0," http://dbpedia.org/ontology/gridReference"
0,352,0,0,0,0,0,1,0,0,387," http://dbpedia.org/ontology/gross"
3,3,0,0,0,0,0,5,3,3,3," http://dbpedia.org/ontology/ground"
1810,1975,0,0,0,0,0,0,321,3216,3326," http://dbpedia.org/ontology/hairColor"
287,294,0,10,15,145,249,270,275,560,293," http://dbpedia.org/ontology/hallOfFame"
0,0,8,0,0,0,0,0,0,0,0," http://dbpedia.org/ontology/halloffame"
0,0,0,0,0,0,1,1,2,2,0," http://dbpedia.org/ontology/headLabel"
5,7,0,0,0,1,7,7,12,16,2," http://dbpedia.org/ontology/headquarter"
124858,172338,2316,2143,1062,4552,37847,44267,75716,149502,175417," http://dbpedia.org/ontology/height"
0,0,0,0,0,7,44,43,51,53,0," http://dbpedia.org/ontology/heir"
0,0,4,0,0,0,0,0,0,0,0," http://dbpedia.org/ontology/high_school"
267,392,0,0,0,0,184,197,211,235,411," http://dbpedia.org/ontology/highestBreak"
287,364,0,0,0,0,183,204,216,245,388," http://dbpedia.org/ontology/highestRank"
2642,2663,43,58,104,253,1373,1439,2122,2610,6432," http://dbpedia.org/ontology/highschool"
370,384,0,0,0,0,726,711,408,407,386," http://dbpedia.org/ontology/hipSize"
0,0,958,1056,0,0,0,0,0,0,0," http://dbpedia.org/ontology/homeTown"
43016,39288,0,3,959,20858,34255,39877,42972,44042,38986," http://dbpedia.org/ontology/hometown"
384,375,0,0,0,0,0,0,357,374,380," http://dbpedia.org/ontology/honours"
0,0,0,0,0,0,0,1,0,0,0," http://dbpedia.org/ontology/icd10"
2,2,0,0,0,0,8,8,4,6,2," http://dbpedia.org/ontology/ideology"
0,0,0,0,0,2,0,0,0,0,0," http://dbpedia.org/ontology/iftaAward"
0,0,1,1,0,0,0,0,0,1,0," http://dbpedia.org/ontology/illustrator"
1,32039,0,0,0,0,0,0,1,2,29035," http://dbpedia.org/ontology/imdbId"
48,102,0,0,6,95,124,135,120,121,102," http://dbpedia.org/ontology/incumbent"
9028,50,0,0,0,0,0,0,0,15406,31," http://dbpedia.org/ontology/individualisedGnd"
3,0,0,0,261,815,1633,2020,33,1,0," http://dbpedia.org/ontology/individualisedPnd"
22,18,2,3,1,5,18,34,33,32,16," http://dbpedia.org/ontology/industry"
10662,10038,1679,1425,556,5124,7401,8981,10877,10199,10080," http://dbpedia.org/ontology/influenced"
23750,21408,0,1997,729,6998,15148,19303,22715,22527,21719," http://dbpedia.org/ontology/influencedBy"
0,0,1088,0,0,0,0,0,0,0,0," http://dbpedia.org/ontology/influences"
2309,2198,0,0,0,0,0,0,1813,2029,2269," http://dbpedia.org/ontology/institution"
56108,47942,1620,1930,1557,27630,43231,54877,60002,64264,47405," http://dbpedia.org/ontology/instrument"
0,0,0,0,0,0,2,2,1,1,0," http://dbpedia.org/ontology/internationalAffiliation"
2,2,0,0,1,1,1,2,2,3,1," http://dbpedia.org/ontology/internationally"
6,3,0,0,0,0,0,3,12,9,3," http://dbpedia.org/ontology/isPartOf"
4,2,0,0,0,0,2,3,2,3,1," http://dbpedia.org/ontology/isPartOfMilitaryConflict"
22,22,2,1,1,5,17,20,27,50,11," http://dbpedia.org/ontology/isbn"
1291,24,0,0,0,0,0,0,0,854,16," http://dbpedia.org/ontology/isniId"
0,0,0,0,0,0,0,1,0,0,0," http://dbpedia.org/ontology/issn"
0,0,0,0,0,0,0,0,2,1,0," http://dbpedia.org/ontology/jurisdiction"
9,5,0,0,0,5,14,23,18,15,5," http://dbpedia.org/ontology/keyPerson"
0,0,2,4,0,0,0,0,0,0,0," http://dbpedia.org/ontology/keyPersonPosition"
0,0,0,0,0,1,0,1,3,0,0," http://dbpedia.org/ontology/kingdom"
44735,41397,1843,1927,2045,9543,20027,29009,33611,40489,43679," http://dbpedia.org/ontology/knownFor"
0,0,1417,1560,0,0,0,0,0,0,0," http://dbpedia.org/ontology/label"
1,1,0,0,0,0,0,0,0,1,1," http://dbpedia.org/ontology/lake"
1958,2039,3,3,4,14,634,1052,1384,1889,2160," http://dbpedia.org/ontology/language"
0,0,0,0,0,0,1,0,0,0,0," http://dbpedia.org/ontology/largestCity"
0,0,0,0,0,0,1,1,2,0,0," http://dbpedia.org/ontology/lastAirDate"
2020,1819,0,0,0,0,1515,2019,1894,1945,1897," http://dbpedia.org/ontology/lastAppearance"
0,0,3,46,0,0,0,0,0,0,0," http://dbpedia.org/ontology/lastDate"
22,19,0,0,9,9,36,40,44,23,21," http://dbpedia.org/ontology/lastPosition"
797,777,6,6,30,478,811,811,819,820,769," http://dbpedia.org/ontology/lastRace"
94,93,1,0,25,76,100,102,103,100,92," http://dbpedia.org/ontology/lastWin"
0,0,46,47,0,0,0,0,0,0,0," http://dbpedia.org/ontology/lastYear"
0,0,0,6,8,49,0,0,0,0,0," http://dbpedia.org/ontology/laurenceOlivierAward"
0,0,5,0,0,0,0,0,0,0,0," http://dbpedia.org/ontology/laurenceolivieraward"
2,3,0,0,0,1,3,3,5,6,1," http://dbpedia.org/ontology/lcc"
21304,224,0,0,0,0,0,0,0,33526,144," http://dbpedia.org/ontology/lccnId"
3,3,0,0,0,0,2,3,3,4,3," http://dbpedia.org/ontology/leader"
0,3,0,0,0,0,0,0,2,4,0," http://dbpedia.org/ontology/leaderFunction"
14192,14283,98,155,268,1015,8047,7474,11469,14269,14543," http://dbpedia.org/ontology/league"
0,0,0,0,0,0,0,0,1,2,0," http://dbpedia.org/ontology/legislativePeriodName"
1,1,0,0,0,0,0,0,1,2,1," http://dbpedia.org/ontology/length"
1452,1840,0,0,193,1192,1315,1432,1510,1607,1846," http://dbpedia.org/ontology/lieutenant"
5,10,0,0,0,0,9,11,12,9,7," http://dbpedia.org/ontology/literaryGenre"
0,0,0,0,0,0,0,1,1,1,0," http://dbpedia.org/ontology/localAuthority"
464,408,2,5,1,12,40,77,427,434,394," http://dbpedia.org/ontology/location"
15,10,0,0,0,5,9,14,18,15,7," http://dbpedia.org/ontology/locationCity"
6,6,0,0,0,3,9,11,15,9,6," http://dbpedia.org/ontology/locationCountry"
0,2,0,0,0,0,0,0,0,0,2," http://dbpedia.org/ontology/logo"
0,0,0,0,0,0,1,1,1,1,0," http://dbpedia.org/ontology/lowerAge"
0,2,0,0,0,1,1,1,0,0,2," http://dbpedia.org/ontology/lyrics"
3904,3812,0,0,149,1135,2415,3033,3172,3778,3959," http://dbpedia.org/ontology/mainInterest"
1692,1562,7,7,34,207,1104,1387,1548,1629,1594," http://dbpedia.org/ontology/majorShrine"
2,0,0,0,7,14,11,6,3,3,0," http://dbpedia.org/ontology/majorityLeader"
0,0,0,0,0,0,0,0,0,1,0," http://dbpedia.org/ontology/manager"
62603,55516,0,157,910,3761,31008,45796,50809,56430,57527," http://dbpedia.org/ontology/managerClub"
1,1,0,0,0,0,0,0,0,0,1," http://dbpedia.org/ontology/managerTitle"
0,0,0,57,0,0,0,0,0,0,0," http://dbpedia.org/ontology/managerYears"
0,0,997,0,0,0,0,0,0,0,0," http://dbpedia.org/ontology/managerclubs"
0,0,9,0,0,0,0,0,0,0,0," http://dbpedia.org/ontology/manageryears"
0,0,0,0,0,0,1,1,1,0,0," http://dbpedia.org/ontology/manufacturer"
0,0,0,0,0,0,1,1,0,0,0," http://dbpedia.org/ontology/mascot"
131,3,0,0,0,0,0,0,0,170,3," http://dbpedia.org/ontology/mbaId"
0,0,0,0,0,0,1,2,0,0,0," http://dbpedia.org/ontology/meaning"
6,8,0,1,0,3,5,7,9,6,4," http://dbpedia.org/ontology/mediaType"
0,0,2,0,0,0,0,0,0,0,0," http://dbpedia.org/ontology/media_type"
0,1,0,0,0,0,0,0,0,5,0," http://dbpedia.org/ontology/membership"
26864,26918,0,0,5100,11446,18564,23715,25590,27324,27848," http://dbpedia.org/ontology/militaryBranch"
31075,35132,0,0,3030,10035,20790,24033,24712,58784,36765," http://dbpedia.org/ontology/militaryCommand"
2848,3760,0,3627,269,869,1304,2461,2990,3950,4000," http://dbpedia.org/ontology/militaryRank"
18261,15614,0,0,1882,5591,10798,15250,16014,17991,16180," http://dbpedia.org/ontology/militaryUnit"
0,0,0,0,0,0,0,0,1,0,0," http://dbpedia.org/ontology/militaryUnitSize"
1538,1303,54,102,64,420,1421,1464,1484,1525,1172," http://dbpedia.org/ontology/mission"
3502,5906,0,0,185,1974,2739,4942,5473,6465,6117," http://dbpedia.org/ontology/monarch"
0,0,4,124,472,0,0,0,0,0,0," http://dbpedia.org/ontology/mother"
6,5,0,0,0,1,1,4,4,10,1," http://dbpedia.org/ontology/motto"
7824,6827,216,255,343,2804,3983,5717,6499,7419,7039," http://dbpedia.org/ontology/movement"
0,0,0,0,0,0,0,0,1,0,0," http://dbpedia.org/ontology/municipality"
1,7,0,0,0,0,0,0,8,8,5," http://dbpedia.org/ontology/museum"
0,0,0,0,0,2,2,2,0,0,0," http://dbpedia.org/ontology/musicBy"
2,1,0,0,0,3,7,7,5,2,1," http://dbpedia.org/ontology/musicComposer"
0,0,0,0,0,0,2,3,1,0,0," http://dbpedia.org/ontology/musicalArtist"
0,0,0,0,0,0,2,3,1,0,0," http://dbpedia.org/ontology/musicalBand"
782,782,0,0,0,0,0,0,0,791,779," http://dbpedia.org/ontology/mythology"
0,0,0,4,2,36,0,0,0,0,0," http://dbpedia.org/ontology/naacpImageAward"
0,0,6,0,0,0,0,0,0,0,0," http://dbpedia.org/ontology/naacpimageaward"
0,0,0,0,0,2,2,1,0,0,0," http://dbpedia.org/ontology/narrator"
0,0,0,0,6,44,0,0,0,0,0," http://dbpedia.org/ontology/nationalFilmAward"
20,677,0,410,3,9,0,0,504,671,4615," http://dbpedia.org/ontology/nationalTeam"
0,0,0,298,0,0,0,0,0,0,0," http://dbpedia.org/ontology/nationalYears"
0,0,13,0,0,0,0,0,0,0,0," http://dbpedia.org/ontology/nationalfilmaward"
108036,116850,1736,1976,3856,24889,52610,64548,86892,119178,124456," http://dbpedia.org/ontology/nationality"
0,0,1010,0,0,0,0,0,0,0,0," http://dbpedia.org/ontology/nationalteam"
0,0,96,0,0,0,0,0,0,0,0," http://dbpedia.org/ontology/nationalyears"
194,4,0,0,0,0,0,0,0,0,1," http://dbpedia.org/ontology/ndlId"
3,2,0,0,0,1,4,5,5,3,1," http://dbpedia.org/ontology/nearestCity"
0,0,0,0,0,1,0,2,1,0,0," http://dbpedia.org/ontology/netIncome"
3,5,0,0,0,4,12,14,5,4,4," http://dbpedia.org/ontology/network"
1471,1812,39,40,50,209,533,588,942,1145,1965," http://dbpedia.org/ontology/networth"
562,10,0,0,0,0,0,0,0,410,7," http://dbpedia.org/ontology/nlaId"
20,47,0,0,1,45,68,68,68,61,46," http://dbpedia.org/ontology/nominee"
6,5,0,0,0,0,6,7,6,8,4," http://dbpedia.org/ontology/nonFictionSubject"
0,0,0,0,0,0,0,1,1,1,0," http://dbpedia.org/ontology/notableCommander"
1192,1077,0,0,133,558,882,1090,1083,1133,1104," http://dbpedia.org/ontology/notableIdea"
0,0,247,0,0,0,0,0,0,0,0," http://dbpedia.org/ontology/notableInstruments"
1309,1260,0,98,75,327,514,681,866,1087,1331," http://dbpedia.org/ontology/notableStudent"
6456,6263,0,330,419,1769,3535,4437,4944,5908,6444," http://dbpedia.org/ontology/notableWork"
0,0,279,0,0,0,0,0,0,0,0," http://dbpedia.org/ontology/notableworks"
0,0,2584,2813,0,0,0,0,0,0,0," http://dbpedia.org/ontology/notesOnPlaceOfBurial"
10,11,0,0,0,0,9,11,12,22,7," http://dbpedia.org/ontology/nrhpReferenceNumber"
0,0,0,0,0,0,1,1,0,0,0," http://dbpedia.org/ontology/nrhpType"
60163,65661,0,44,1867,6612,36066,46995,51596,57126,67845," http://dbpedia.org/ontology/number"
1,0,1,1,0,0,2,6,1,0,0," http://dbpedia.org/ontology/numberOfEmployees"
0,3,0,0,0,3,6,6,2,1,2," http://dbpedia.org/ontology/numberOfEpisodes"
961,929,0,48,67,43,114,106,925,930,891," http://dbpedia.org/ontology/numberOfFilms"
562421,0,0,0,0,0,0,0,0,0,0," http://dbpedia.org/ontology/numberOfGoals"
2,1,0,0,0,0,0,0,1,1,1," http://dbpedia.org/ontology/numberOfLocations"
539838,0,0,0,0,0,0,0,0,0,0," http://dbpedia.org/ontology/numberOfMatches"
15,19,0,0,0,0,14,17,21,22,10," http://dbpedia.org/ontology/numberOfPages"
1,2,0,0,0,2,6,6,2,1,1," http://dbpedia.org/ontology/numberOfSeasons"
0,0,0,0,1,2,0,0,1,1,0," http://dbpedia.org/ontology/numberOfStaff"
0,0,0,0,0,0,2,4,2,2,0," http://dbpedia.org/ontology/numberOfStudents"
0,0,41,0,0,0,0,0,0,0,0," http://dbpedia.org/ontology/numberoffilms"
325309,313140,8002,8747,11046,88815,190392,261840,297244,328042,329654," http://dbpedia.org/ontology/occupation"
9,8,0,0,1,5,13,14,14,20,5," http://dbpedia.org/ontology/oclc"
42772,86565,0,0,1428,13804,22373,27554,52579,132072,92826," http://dbpedia.org/ontology/office"
1,0,0,0,0,0,0,4,2,2,0," http://dbpedia.org/ontology/officialSchoolColour"
0,0,0,1,3,3,0,0,0,0,0," http://dbpedia.org/ontology/olivierAward"
2,0,0,0,0,0,0,2,2,3,0," http://dbpedia.org/ontology/openingDate"
0,1,0,0,0,0,0,0,0,0,1," http://dbpedia.org/ontology/openingTheme"
2,1,0,0,0,0,0,0,0,1,1," http://dbpedia.org/ontology/openingYear"
0,0,0,0,0,0,0,2,0,0,0," http://dbpedia.org/ontology/operatingIncome"
1,1,0,0,0,0,0,1,1,3,1," http://dbpedia.org/ontology/operator"
238,289,0,0,4,185,270,322,320,316,285," http://dbpedia.org/ontology/opponent"
24,0,0,0,0,0,0,0,0,98,0," http://dbpedia.org/ontology/orcidId"
0,0,0,0,0,0,0,1,2,0,0," http://dbpedia.org/ontology/order"
31288,44836,0,0,3652,32029,44006,49900,36659,80274,45744," http://dbpedia.org/ontology/orderInOffice"
0,2,0,0,0,0,1,1,1,0,2," http://dbpedia.org/ontology/origin"
0,0,3664,3714,0,0,0,0,0,0,0," http://dbpedia.org/ontology/otherName"
2344,3360,0,49,85,926,1549,1955,2292,3020,3578," http://dbpedia.org/ontology/otherParty"
95,119,0,0,0,0,67,66,79,86,145," http://dbpedia.org/ontology/otherWins"
6578,6802,0,57,127,789,1,7,5706,12376,6912," http://dbpedia.org/ontology/overallRecord"
5,2,0,0,0,1,1,22,4,6,1," http://dbpedia.org/ontology/owner"
3,1,0,0,0,3,3,20,4,5,1," http://dbpedia.org/ontology/owningCompany"
0,0,2,1,1,6,0,0,0,0,0," http://dbpedia.org/ontology/pages"
25921,28556,0,0,0,2580,13225,17139,26912,29798,28422," http://dbpedia.org/ontology/parent"
1,1,0,0,0,0,0,5,2,1,3," http://dbpedia.org/ontology/parentCompany"
0,0,103,0,0,0,0,0,0,0,0," http://dbpedia.org/ontology/parents"
1,1,0,0,0,0,0,0,0,1,1," http://dbpedia.org/ontology/part"
0,0,0,1,1,1,0,0,0,0,0," http://dbpedia.org/ontology/partOf"
1367,1345,127,105,178,322,608,817,996,1147,1496," http://dbpedia.org/ontology/partner"
0,0,1,0,0,0,0,0,0,0,0," http://dbpedia.org/ontology/partof"
49809,77826,44,1968,3754,31728,41869,53695,60373,74217,80936," http://dbpedia.org/ontology/party"
0,0,0,0,0,0,0,1,0,0,0," http://dbpedia.org/ontology/pastMember"
0,0,8,0,0,0,0,0,0,0,0," http://dbpedia.org/ontology/pastMembers"
0,0,0,59,0,0,0,0,0,0,0," http://dbpedia.org/ontology/pastTeam"
0,0,45,0,0,0,0,0,0,0,0," http://dbpedia.org/ontology/pastteams"
0,0,0,0,0,0,1,0,0,0,0," http://dbpedia.org/ontology/percentageOfAreaWater"
4275,5130,0,0,184,723,2437,3096,3419,3953,5208," http://dbpedia.org/ontology/personFunction"
1878,1744,0,0,139,630,1293,1673,1756,1880,1798," http://dbpedia.org/ontology/philosophicalSchool"
0,0,0,0,0,0,0,0,2,0,0," http://dbpedia.org/ontology/phylum"
153,208,0,0,0,0,20,28,45,52,212," http://dbpedia.org/ontology/picture"
0,0,0,0,0,0,1,4,7,7,0," http://dbpedia.org/ontology/pictureFormat"
6,2,2,2,1,1,3,5,5,5,3," http://dbpedia.org/ontology/place"
556,1316,4,4,18,83,450,552,578,592,1358," http://dbpedia.org/ontology/placeOfBurial"
0,0,1442,0,0,0,0,0,0,0,0," http://dbpedia.org/ontology/playername"
3319,3565,44,72,116,235,1713,2337,2810,6118,3720," http://dbpedia.org/ontology/plays"
789,768,6,6,39,493,838,839,813,811,761," http://dbpedia.org/ontology/podiums"
784,763,6,6,39,492,833,834,807,806,757," http://dbpedia.org/ontology/poles"
0,0,0,0,0,3,2,0,0,0,0," http://dbpedia.org/ontology/populationDensity"
0,0,0,0,0,9,0,9,9,9,0," http://dbpedia.org/ontology/populationPlace"
0,0,0,0,0,2,2,1,1,1,0," http://dbpedia.org/ontology/populationTotal"
90,330,0,0,13,217,258,273,287,568,335," http://dbpedia.org/ontology/portfolio"
4978,5059,0,0,0,0,4010,4415,4676,4781,5331," http://dbpedia.org/ontology/portrayer"
224112,213449,0,0,5347,23409,110353,402868,400716,226114,220429," http://dbpedia.org/ontology/position"
1,0,0,0,0,1,1,2,3,6,0," http://dbpedia.org/ontology/postalCode"
7390,62462,325,342,997,1583,4173,5460,6413,7418,66166," http://dbpedia.org/ontology/predecessor"
0,1,0,0,0,0,0,1,0,1,1," http://dbpedia.org/ontology/presenter"
6978,11200,0,0,586,3887,5544,7205,8532,10094,11858," http://dbpedia.org/ontology/president"
2,3,0,0,0,0,4,6,4,4,1," http://dbpedia.org/ontology/previousWork"
182,0,0,0,0,0,81,93,106,159,0," http://dbpedia.org/ontology/priceMoney"
7234,12213,0,0,547,4434,5701,7331,8777,10270,12935," http://dbpedia.org/ontology/primeMinister"
9,9,0,0,0,4,23,17,24,12,7," http://dbpedia.org/ontology/producer"
28,20,0,3,1,14,13,29,31,26,21," http://dbpedia.org/ontology/product"
0,0,2,0,0,0,0,0,0,0,0," http://dbpedia.org/ontology/products"
9278,14980,0,0,791,9001,11126,13511,14930,16794,15446," http://dbpedia.org/ontology/profession"
754,725,0,14,18,44,735,788,710,758,838," http://dbpedia.org/ontology/prospectLeague"
719,478,0,14,17,41,701,810,712,709,651," http://dbpedia.org/ontology/prospectTeam"
0,0,12,0,0,0,0,0,0,0,0," http://dbpedia.org/ontology/prospectleague"
0,0,12,0,0,0,0,0,0,0,0," http://dbpedia.org/ontology/prospectteam"
2932,3103,0,119,392,845,1827,2075,2400,2765,3196," http://dbpedia.org/ontology/pseudonym"
16,17,2,1,1,4,11,15,21,19,12," http://dbpedia.org/ontology/publisher"
2,3,0,0,0,1,0,1,3,4,1," http://dbpedia.org/ontology/purpose"
14876,13355,0,0,0,0,0,0,14075,14851,13435," http://dbpedia.org/ontology/race"
3757,3739,0,0,0,0,0,0,3313,3566,3818," http://dbpedia.org/ontology/raceHorse"
796,775,6,6,39,494,841,841,817,818,768," http://dbpedia.org/ontology/races"
0,0,0,0,0,0,0,0,1,0,0," http://dbpedia.org/ontology/range"
0,0,3342,0,0,0,0,0,0,0,0," http://dbpedia.org/ontology/rank"
50,54,0,0,0,0,49,50,51,50,55," http://dbpedia.org/ontology/rankingWins"
6,214,0,0,0,0,0,0,174,214,196," http://dbpedia.org/ontology/rating"
1,0,0,0,0,0,0,0,0,0,0," http://dbpedia.org/ontology/rebuildingDate"
50588,45859,0,0,1719,20664,32077,40279,43951,47960,46098," http://dbpedia.org/ontology/recordLabel"
7,5,0,0,0,2,3,9,7,7,2," http://dbpedia.org/ontology/recordedIn"
18573,27313,0,0,1824,13416,16871,20698,23194,26598,28686," http://dbpedia.org/ontology/region"
0,0,0,0,0,2,0,1,0,0,0," http://dbpedia.org/ontology/regionServed"
0,1,0,0,0,2,4,11,8,9,0," http://dbpedia.org/ontology/related"
6594,8284,0,301,519,1978,3688,4799,5716,7200,8742," http://dbpedia.org/ontology/relation"
0,0,278,0,0,0,0,0,0,0,0," http://dbpedia.org/ontology/relations"
11325,12202,0,114,182,828,4820,6201,7374,9549,13787," http://dbpedia.org/ontology/relative"
0,0,96,0,0,0,0,0,0,0,0," http://dbpedia.org/ontology/relatives"
9,11,1,2,0,9,27,25,20,14,9," http://dbpedia.org/ontology/releaseDate"
10,0,0,0,0,0,0,0,0,0,0," http://dbpedia.org/ontology/releaseLocation"
28752,33565,1044,1134,1762,11873,18598,29316,33487,39806,35591," http://dbpedia.org/ontology/religion"
48301,62226,1025,1180,1393,14826,29855,40099,47304,56939,65319," http://dbpedia.org/ontology/residence"
0,0,0,36,53,0,0,0,0,0,0," http://dbpedia.org/ontology/resides"
21553,21817,1962,2179,2338,6138,10909,14522,17211,19829,23048," http://dbpedia.org/ontology/restingPlace"
0,0,13,9,0,0,0,0,0,0,0," http://dbpedia.org/ontology/restingPlaceCoordinates"
0,517,0,0,34,123,208,277,350,446,520," http://dbpedia.org/ontology/restingPlacePosition"
5,3,1,1,1,1,2,2,3,8,2," http://dbpedia.org/ontology/result"
2,2,1,1,1,2,5,7,2,2,1," http://dbpedia.org/ontology/revenue"
0,0,0,0,0,3,6,5,0,0,0," http://dbpedia.org/ontology/review"
10,0,0,0,0,0,0,0,0,16,0," http://dbpedia.org/ontology/ridId"
0,3,0,0,0,0,0,0,0,0,1," http://dbpedia.org/ontology/rkdArtistsId"
0,0,0,0,0,0,0,0,1,0,0," http://dbpedia.org/ontology/role"
33,18,0,0,7,19,45,49,46,43,17," http://dbpedia.org/ontology/royalAnthem"
4,12,0,0,0,11,15,15,18,18,11," http://dbpedia.org/ontology/runningMate"
8,11,1,2,0,13,29,32,16,10,8," http://dbpedia.org/ontology/runtime"
0,0,38,0,0,0,0,0,0,0,0," http://dbpedia.org/ontology/sagaward"
300,357,18,16,18,90,193,237,296,299,387," http://dbpedia.org/ontology/salary"
4967,5185,0,20,0,178,1271,1824,2416,3794,5855," http://dbpedia.org/ontology/school"
0,0,0,0,0,1,0,1,1,2,0," http://dbpedia.org/ontology/schoolCode"
0,0,0,12,4,20,0,0,0,0,0," http://dbpedia.org/ontology/screenActorsGuildAward"
4,2,0,0,0,0,0,0,2,1,2," http://dbpedia.org/ontology/season"
0,0,0,0,0,0,1,1,1,0,0," http://dbpedia.org/ontology/seasonNumber"
1,1,0,0,0,0,0,0,0,1,1," http://dbpedia.org/ontology/secretaryGeneral"
1106,583,32,48,67,208,587,1118,1119,1129,584," http://dbpedia.org/ontology/selection"
680,3,0,0,0,0,0,0,0,1262,1," http://dbpedia.org/ontology/selibrId"
160,377,0,0,32,82,127,128,154,320,442," http://dbpedia.org/ontology/seniority"
2534,2436,0,0,0,0,2299,2826,2443,2454,2727," http://dbpedia.org/ontology/series"
17541,19560,0,0,2417,7270,13036,15245,17149,19151,20215," http://dbpedia.org/ontology/serviceEndYear"
522,623,0,0,9,52,151,222,357,910,740," http://dbpedia.org/ontology/serviceNumber"
21375,23805,0,0,2878,8159,14070,16339,18265,20395,24606," http://dbpedia.org/ontology/serviceStartYear"
0,0,32,2118,0,0,0,0,0,0,0," http://dbpedia.org/ontology/serviceYears"
0,0,0,0,0,0,1,1,1,0,0," http://dbpedia.org/ontology/shareOfAudience"
0,0,0,0,0,0,0,0,1,1,0," http://dbpedia.org/ontology/shipDraft"
0,0,0,0,0,0,0,0,1,1,0," http://dbpedia.org/ontology/shipLaunch"
19,21,0,0,0,0,0,0,13,17,22," http://dbpedia.org/ontology/shoeNumber"
0,0,0,0,0,0,0,0,0,0,376," http://dbpedia.org/ontology/shoeSize"
12440,13913,169,191,335,1077,8101,9419,9950,24162,14017," http://dbpedia.org/ontology/shoots"
0,1724,0,0,0,0,0,0,0,0,1786," http://dbpedia.org/ontology/signature"
2911,2688,0,64,100,697,1712,2216,2397,2737,2849," http://dbpedia.org/ontology/significantBuilding"
88,87,0,0,0,13,48,62,71,81,89," http://dbpedia.org/ontology/significantDesign"
1487,1343,0,5,17,144,396,563,1321,1432,1366," http://dbpedia.org/ontology/significantProject"
0,0,60,0,0,0,0,0,0,0,0," http://dbpedia.org/ontology/significant_buildings"
0,0,5,0,0,0,0,0,0,0,0," http://dbpedia.org/ontology/significant_projects"
0,0,0,0,0,0,2,2,6,0,0," http://dbpedia.org/ontology/sisterStation"
0,0,0,0,0,0,0,0,0,1,0," http://dbpedia.org/ontology/slogan"
4400,4486,0,0,0,0,0,0,0,0,3560," http://dbpedia.org/ontology/soundRecording"
22,44,0,0,5,22,27,27,34,68,43," http://dbpedia.org/ontology/speaker"
713,648,0,0,0,0,646,805,678,711,739," http://dbpedia.org/ontology/species"
0,148,0,0,0,0,0,0,130,394,176," http://dbpedia.org/ontology/spike"
2347,2302,9,7,12,515,2444,2630,2634,2385,2299," http://dbpedia.org/ontology/sport"
127,149,0,0,0,0,76,100,102,108,164," http://dbpedia.org/ontology/sportCountry"
1,1,0,0,0,0,0,0,0,1,0," http://dbpedia.org/ontology/sportGoverningBody"
27705,34022,1922,1840,3027,10505,18264,22043,27064,29833,35680," http://dbpedia.org/ontology/spouse"
11719,232655,0,0,0,0,0,174245,179357,202413,240676," http://dbpedia.org/ontology/squadNumber"
0,0,0,0,0,0,0,0,2,4,0," http://dbpedia.org/ontology/stadium"
0,0,0,0,0,0,0,1,1,1,0," http://dbpedia.org/ontology/staff"
31,33,0,0,0,48,81,78,73,51,27," http://dbpedia.org/ontology/starring"
3,1,0,0,0,0,3,3,2,3,1," http://dbpedia.org/ontology/state"
44,117,0,0,0,12,30,47,55,81,122," http://dbpedia.org/ontology/stateDelegate"
30579,33766,0,0,775,3948,11695,18446,25217,29352,35460," http://dbpedia.org/ontology/stateOfOrigin"
24650,2,0,69,560,3096,14362,20153,20911,20828,7," http://dbpedia.org/ontology/statisticLabel"
17837,2,0,69,450,2297,14892,16596,17221,17665,8," http://dbpedia.org/ontology/statisticValue"
105,0,0,19,25,99,928,776,190,714,1," http://dbpedia.org/ontology/statisticYear"
3700,4584,36,59,119,442,4019,4761,5117,10812,4479," http://dbpedia.org/ontology/status"
6,2,1,1,1,1,3,3,3,8,4," http://dbpedia.org/ontology/strength"
0,0,0,0,0,0,0,2,2,0,0," http://dbpedia.org/ontology/structuralSystem"
0,0,0,0,0,1,0,0,0,0,0," http://dbpedia.org/ontology/subject"
3,3,0,1,1,2,5,5,9,5,1," http://dbpedia.org/ontology/subsequentWork"
0,0,0,0,0,0,0,1,0,0,0," http://dbpedia.org/ontology/subsidiary"
0,0,0,0,0,0,0,1,0,0,0," http://dbpedia.org/ontology/subtitle"
53686,84044,326,343,5164,31332,44548,54173,62405,73303,88655," http://dbpedia.org/ontology/successor"
453,15,0,0,0,0,0,0,0,0,8," http://dbpedia.org/ontology/sudocId"
48,55,0,0,0,0,19,38,38,86,58," http://dbpedia.org/ontology/supplementalDraftRound"
47,54,0,0,0,0,19,37,37,42,56," http://dbpedia.org/ontology/supplementalDraftYear"
1,1,0,0,0,0,0,0,0,1,1," http://dbpedia.org/ontology/suppreddedDate"
1,0,0,0,0,0,0,0,1,2,0," http://dbpedia.org/ontology/synonym"
0,0,0,0,0,0,0,0,0,0,5," http://dbpedia.org/ontology/taoiseach"
1819550,914116,0,371,14586,71586,442742,852368,870070,951623,938457," http://dbpedia.org/ontology/team"
0,0,256,0,0,0,0,0,0,0,0," http://dbpedia.org/ontology/teams"
2274,2236,0,0,0,0,0,0,2151,2284,2268," http://dbpedia.org/ontology/televisionSeries"
0,0,0,0,0,0,0,4,3,6,0," http://dbpedia.org/ontology/tenant"
0,0,2,10,0,0,0,0,0,0,0," http://dbpedia.org/ontology/term"
68264,128892,0,0,0,0,0,0,60800,83905,137638," http://dbpedia.org/ontology/termPeriod"
18801,633,0,0,0,0,15508,17441,17969,37112,655," http://dbpedia.org/ontology/throwingSide"
0,0,60,71,0,0,0,0,0,0,0," http://dbpedia.org/ontology/throws"
364557,391884,0,14139,20043,84586,229533,278000,315751,335291,369533," http://dbpedia.org/ontology/thumbnail"
5,23,0,0,0,0,0,0,0,0,15," http://dbpedia.org/ontology/time"
522,465,0,43,59,172,516,521,527,531,419," http://dbpedia.org/ontology/timeInSpace"
1,0,0,0,0,0,0,1,3,4,0," http://dbpedia.org/ontology/timeZone"
0,0,0,41,0,0,0,0,0,0,0," http://dbpedia.org/ontology/titel"
17920,22683,381,400,1312,2686,9489,10538,16397,18870,23309," http://dbpedia.org/ontology/title"
0,0,0,64,52,318,0,0,0,0,0," http://dbpedia.org/ontology/tonyAward"
0,0,58,0,0,0,0,0,0,0,0," http://dbpedia.org/ontology/tonyaward"
0,0,0,0,0,1,0,2,2,2,0," http://dbpedia.org/ontology/totalPopulation"
690,793,0,0,0,26,0,0,318,986,831," http://dbpedia.org/ontology/tournamentRecord"
4014,3701,0,104,161,442,2782,2326,3735,3970,3797," http://dbpedia.org/ontology/trainer"
8108,6834,95,108,139,2687,3559,5202,6016,7319,7050," http://dbpedia.org/ontology/training"
2,2,1,1,1,1,2,2,2,1,1," http://dbpedia.org/ontology/translator"
799,652,22,31,45,208,639,795,809,821,648," http://dbpedia.org/ontology/type"
234,4,0,0,0,0,0,0,0,278,4," http://dbpedia.org/ontology/ulanId"
4264,4719,0,13,29,164,2110,2748,3098,3778,4919," http://dbpedia.org/ontology/undraftedYear"
0,0,7,0,0,0,0,0,0,0,0," http://dbpedia.org/ontology/undraftedyear"
0,0,1666,1867,0,0,0,0,0,0,0," http://dbpedia.org/ontology/unit"
1931,1828,0,10,0,125,719,1176,1466,1701,1954," http://dbpedia.org/ontology/university"
0,0,0,0,0,0,1,1,1,1,0," http://dbpedia.org/ontology/upperAge"
1,0,0,0,0,0,0,2,4,6,0," http://dbpedia.org/ontology/utcOffset"
6619,4618,0,22,109,447,3374,6034,6242,6530,4758," http://dbpedia.org/ontology/veneratedIn"
266665,1757,0,0,0,0,0,0,0,525446,1211," http://dbpedia.org/ontology/viafId"
710,891,0,0,159,555,645,747,790,846,938," http://dbpedia.org/ontology/vicePresident"
6,29,0,0,0,46,24,29,27,29,29," http://dbpedia.org/ontology/vicePrimeMinister"
2254,2322,0,0,0,0,927,1077,2175,2013,2738," http://dbpedia.org/ontology/voice"
95,90,81,0,3,27,39,41,67,83,108," http://dbpedia.org/ontology/voiceType"
383,394,0,0,0,20,737,722,418,417,396," http://dbpedia.org/ontology/waistSize"
33103,67412,1056,1116,1432,5007,31092,34616,50605,58923,66144," http://dbpedia.org/ontology/weight"
329,355,0,3,5,7,212,229,247,690,357," http://dbpedia.org/ontology/whaDraft"
363,345,0,3,5,7,209,247,267,366,347," http://dbpedia.org/ontology/whaDraftTeam"
0,0,0,3,0,0,0,0,0,0,0," http://dbpedia.org/ontology/whaDraftYear"
0,0,3,0,0,0,0,0,0,0,0," http://dbpedia.org/ontology/whadraft"
0,0,3,0,0,0,0,0,0,0,0," http://dbpedia.org/ontology/whadraftteam"
0,0,3,0,0,0,0,0,0,0,0," http://dbpedia.org/ontology/whadraftyear"
194,199,0,0,0,37,20,401,20395,190,177," http://dbpedia.org/ontology/wikiPageDisambiguates"
1909026,1946670,0,0,0,577151,1423811,1640430,1759820,1869792,1752320," http://dbpedia.org/ontology/wikiPageExternalLink"
1221925,1284308,0,0,0,0,0,986343,1120766,1170090,1191032," http://dbpedia.org/ontology/wikiPageID"
0,0,0,0,0,0,0,2134654,31949,7735,0," http://dbpedia.org/ontology/wikiPageInterLanguageLink"
1221924,1284308,0,0,0,0,0,0,0,1170089,1191032," http://dbpedia.org/ontology/wikiPageLength"
1221924,1284308,0,0,0,0,0,0,0,1170089,1191032," http://dbpedia.org/ontology/wikiPageOutDegree"
147,178,0,0,0,5,33,65,42941,152,135," http://dbpedia.org/ontology/wikiPageRedirects"
1221925,1284308,0,0,0,0,0,986343,1120766,1170090,1191032," http://dbpedia.org/ontology/wikiPageRevisionID"
45010803,48209644,0,0,0,11084176,26170645,34590085,38562807,42758459,39905535," http://dbpedia.org/ontology/wikiPageWikiLink"
2336376,2691832,0,0,0,0,0,0,0,0,2208500," http://dbpedia.org/ontology/wikiPageWikiLinkText"
1159,1142,6,6,39,493,838,839,1146,1173,1157," http://dbpedia.org/ontology/wins"
0,0,0,0,0,1,1,0,0,0,0," http://dbpedia.org/ontology/winsAtAlpg"
12,12,0,0,0,2,5,5,11,12,10," http://dbpedia.org/ontology/winsAtAsia"
4,4,0,0,0,1,3,2,3,4,6," http://dbpedia.org/ontology/winsAtAus"
14,14,0,0,0,2,11,11,14,14,14," http://dbpedia.org/ontology/winsAtChallenges"
7,7,0,0,0,7,12,10,10,6,7," http://dbpedia.org/ontology/winsAtChampionships"
0,0,0,0,0,1,1,0,0,0,0," http://dbpedia.org/ontology/winsAtJLPGA"
15,15,0,0,0,2,2,2,7,15,15," http://dbpedia.org/ontology/winsAtJapan"
9,9,0,0,0,1,2,0,0,9,9," http://dbpedia.org/ontology/winsAtLET"
5,5,0,0,0,4,6,8,8,5,5," http://dbpedia.org/ontology/winsAtLPGA"
25,26,0,0,0,31,44,2,22,26,26," http://dbpedia.org/ontology/winsAtMajors"
7,7,0,0,0,0,3,1,4,7,8," http://dbpedia.org/ontology/winsAtNWIDE"
9,8,0,0,0,13,21,5,7,9,8," http://dbpedia.org/ontology/winsAtOtherTournaments"
10,11,0,0,0,17,33,6,13,11,13," http://dbpedia.org/ontology/winsAtPGA"
4,3,0,0,0,2,6,1,3,3,4," http://dbpedia.org/ontology/winsAtProTournaments"
0,0,0,0,0,0,2,0,0,0,0," http://dbpedia.org/ontology/winsAtSenEuro"
7,8,0,0,0,9,36,12,10,6,8," http://dbpedia.org/ontology/winsInEurope"
0,0,0,0,0,0,32,23,0,0,0," http://dbpedia.org/ontology/worldChampion"
28,90,0,0,0,0,0,0,85,172,105," http://dbpedia.org/ontology/worldChampionTitleYear"
3,4,0,0,0,4,17,20,16,5,3," http://dbpedia.org/ontology/writer"
2633,3333,0,0,0,0,0,0,1413,1907,3901," http://dbpedia.org/ontology/year"
7,8,0,0,0,0,8,9,9,8,4," http://dbpedia.org/ontology/yearOfConstruction"
781814,0,2,602,0,0,0,0,0,0,0," http://dbpedia.org/ontology/years"
0,0,0,281,17,28,0,0,0,0,0," http://dbpedia.org/ontology/youthClub"
0,0,0,151,0,0,0,0,0,0,0," http://dbpedia.org/ontology/youthYears"
0,0,783,0,0,0,0,0,0,0,0," http://dbpedia.org/ontology/youthclubs"
0,0,10,0,0,0,0,0,0,0,0," http://dbpedia.org/ontology/youthyears"
